cn_kodu,sektor,aciklama,bm_column_a,rota_a,bm_column_b,rota_b,kaynak_belge,kaynak_yeri,durum
25070080,Cement,Kaolinic clays (other than kaolin),0.666,,0.666,,CBAM-BENCHMARKS-2026-02-06,Benchmarks sayfasi,dogrulandi
25231000,Cement,Cement clinkers,0.666,(A),0.666,(A),CBAM-BENCHMARKS-2026-02-06,Benchmarks sayfasi,dogrulandi
25232100,Cement,White portland cement; whether or not artificially coloured,0,,0.859,,CBAM-BENCHMARKS-2026-02-06,Benchmarks sayfasi,dogrulandi
25232900,Cement,Portland cement (excl. white; whether or not artificially coloured),0,,0.666,,CBAM-BENCHMARKS-2026-02-06,Benchmarks sayfasi,dogrulandi
25233000,Cement,Aluminous cement,0.717,(1),0.717,(1),CBAM-BENCHMARKS-2026-02-06,Benchmarks sayfasi,dogrulandi
25239000,Cement,Cement; whether or not coloured (excl. portland cement and aluminous cement),0,(A),0.666,(A),CBAM-BENCHMARKS-2026-02-06,Benchmarks sayfasi,dogrulandi
28041000,Hydrogen,Hydrogen,5.089,,5.089,,CBAM-BENCHMARKS-2026-02-06,Benchmarks sayfasi,dogrulandi
28080000,Fertilisers,Nitric acid; sulphonitric acids,0.151,,0.582,,CBAM-BENCHMARKS-2026-02-06,Benchmarks sayfasi,dogrulandi
28141000,Fertilisers,Anhydrous ammonia,1.522,,1.522,,CBAM-BENCHMARKS-2026-02-06,Benchmarks sayfasi,dogrulandi
28142000,Fertilisers,Ammonia in aqueous solution,0.457,,0.457,,CBAM-BENCHMARKS-2026-02-06,Benchmarks sayfasi,dogrulandi
28342100,Fertilisers,Nitrate of potassium,0.019,,0.626,,CBAM-BENCHMARKS-2026-02-06,Benchmarks sayfasi,dogrulandi
31021012,Fertilisers,Urea in aqueous solution; containing >45% nitrogen in relation to the weight of the dry product and containing =>31;8% but <=33;2 % by weight of urea (excl. that in packages with a gross weight of <= 10 kg),0.018,,0.304,,CBAM-BENCHMARKS-2026-02-06,Benchmarks sayfasi,dogrulandi
31021015,Fertilisers,Urea in aqueous solution; containing >45% nitrogen in relation to the weight of the dry product and containing >33;2% but <=55% by weight of urea (excl. that in packages with a gross weight of <= 10 kg),0.029,,0.503,,CBAM-BENCHMARKS-2026-02-06,Benchmarks sayfasi,dogrulandi
31021019,Fertilisers,Urea; whether or not in aqueous solution; containing >45% nitrogen in relation to the weight of the dry product (excl. that in tablets or similar forms; or in packages with a gross weight of <= 10 kg; or in aqueous solution containing =>31;8% but <=55% by weight of urea),0.053,,0.902,,CBAM-BENCHMARKS-2026-02-06,Benchmarks sayfasi,dogrulandi
31021090,Fertilisers,Urea; whether or not in aqueous solution; containing <= 45% by weight of nitrogen on the dry anhydrous product (excl. goods of this chapter in tablets or similar forms or in packages of a gross weight of <= 10 kg),0.051,,0.882,,CBAM-BENCHMARKS-2026-02-06,Benchmarks sayfasi,dogrulandi
31022100,Fertilisers,Ammonium sulphate (excl. that in tablets or similar forms; or in packages with a gross weight of <= 10 kg),0.022,,0.414,,CBAM-BENCHMARKS-2026-02-06,Benchmarks sayfasi,dogrulandi
31022900,Fertilisers,Double salts and mixtures of ammonium sulphate and ammonium nitrate (excl. goods of this chapter in tablets or similar forms or in packages of a gross weight of <= 10 kg),0.019,,0.566,,CBAM-BENCHMARKS-2026-02-06,Benchmarks sayfasi,dogrulandi
31023010,Fertilisers,Ammonium nitrate in aqueous solution (excl. that in packages with a gross weight of <= 10 kg),0,,0.508,,CBAM-BENCHMARKS-2026-02-06,Benchmarks sayfasi,dogrulandi
31023090,Fertilisers,Ammonium nitrate (excl. that in aqueous solution; in tablets or similar forms; or in packages with a gross weight of <= 10 kg),0.019,,0.767,,CBAM-BENCHMARKS-2026-02-06,Benchmarks sayfasi,dogrulandi
31024010,Fertilisers,Mixtures of ammonium nitrate with calcium carbonate or other inorganic non-fertilising substances; for use as fertilisers; containing <= 28% nitrogen by weight (excl. those in tablets or similar forms; or in packages with a gross weight of <= 10 kg),0.019,,0.688,,CBAM-BENCHMARKS-2026-02-06,Benchmarks sayfasi,dogrulandi
31024090,Fertilisers,Mixtures of ammonium nitrate with calcium carbonate or other inorganic non-fertilising substances; for use as fertilisers; containing > 28% nitrogen by weight (excl. those in tablets or similar forms; or in packages with a gross weight of <= 10 kg),0.019,,0.688,,CBAM-BENCHMARKS-2026-02-06,Benchmarks sayfasi,dogrulandi
31025000,Fertilisers,Sodium nitrate (excl. that in tablets or similar forms; or in packages with a gross weight of <= 10 kg),0.27,(1),0.701,(1),CBAM-BENCHMARKS-2026-02-06,Benchmarks sayfasi,dogrulandi
31026000,Fertilisers,Double salts and mixtures of calcium nitrate and ammonium nitrate (excl. those in tablets or similar forms; or in packages with a gross weight of <= 10 kg),0.042,,0.633,,CBAM-BENCHMARKS-2026-02-06,Benchmarks sayfasi,dogrulandi
31028000,Fertilisers,Mixtures of urea and ammonium nitrate in aqueous or ammoniacal solution (excl. those in packages with a gross weight of <= 10 kg),0,,0.625,,CBAM-BENCHMARKS-2026-02-06,Benchmarks sayfasi,dogrulandi
31029000,Fertilisers,Mineral or chemical nitrogen fertilisers (excl. urea; ammonium sulphate; ammonium nitrate; sodium nitrate; double salts and mixtures of ammonium nitrate with ammonium sulphate or calcium; mixtures of urea and ammonium nitrate in aqueous or ammoniacal solution; mixtures of ammonium nitrate and calcium carbonate or other non-fertilising inorganic elements; in tablets or similar in packages <= 10 kg),0.053,,0.847,,CBAM-BENCHMARKS-2026-02-06,Benchmarks sayfasi,dogrulandi
31051000,Fertilisers,Mineral or chemical fertilisers of animal or vegetable origin; in tablets or similar forms; or in packages with a gross weight of <= 10 kg,0.019,,0.376,,CBAM-BENCHMARKS-2026-02-06,Benchmarks sayfasi,dogrulandi
31052010,Fertilisers,Mineral or chemical fertilisers containing phosphorus and potassium; with a nitrogen content > 10 % by weight on the dry anhydrous product (excl. those in tablets or similar forms; or in packages with a gross weight of <= 10 kg),0.09,,0.434,,CBAM-BENCHMARKS-2026-02-06,Benchmarks sayfasi,dogrulandi
31052090,Fertilisers,Mineral or chemical fertilisers containing nitrogen; phosphorus and potassium; with a nitrogen content <= 10 % by weight on the dry anhydrous product (excl. those in tablets or similar forms; or in packages with a gross weight of <= 10 kg),0.09,,0.319,,CBAM-BENCHMARKS-2026-02-06,Benchmarks sayfasi,dogrulandi
31053000,Fertilisers,Diammonium hydrogenorthophosphate diammonium phosphate (excl. that in tablets or similar forms; or in packages with a gross weight of <= 10 kg),0.006,,0.339,,CBAM-BENCHMARKS-2026-02-06,Benchmarks sayfasi,dogrulandi
31054000,Fertilisers,Ammonium dihydrogenorthophosphate monoammonium phosphate; whether or not mixed with diammonium hydrogenorthophosphate diammonium phosphate (excl. that in tablets or similar forms; or in packages with a gross weight of <= 10 kg),0.006,,0.173,,CBAM-BENCHMARKS-2026-02-06,Benchmarks sayfasi,dogrulandi
31055100,Fertilisers,Mineral or chemical fertilisers containing nitrates and phosphates (excl. ammonium dihydrogenorthophosphate Monoammonium phosphate; diammonium hydrogenorthophosphate Diammonium phosphate; and those in tablets or similar forms; or in packages with a gross weight of <= 10 kg),0.09,,0.548,,CBAM-BENCHMARKS-2026-02-06,Benchmarks sayfasi,dogrulandi
31055900,Fertilisers,Mineral or chemical fertilisers containing the two fertilising elements nitrogen (excl. nitrate) and phosphorus but not nitrates (excl. ammonium dihydrogenorthophosphate monoammonium phosphate; diammonium hydrogenorthophosphate diammonium phosphate in tablets or similar forms; or in packages with a gross weight of <= 10 kg),0.006,,0.391,,CBAM-BENCHMARKS-2026-02-06,Benchmarks sayfasi,dogrulandi
31059020,Fertilisers,Mineral or chemical fertilisers containing the two fertilising elements nitrogen and potassium; or one principal fertilising substance only; incl. mixtures of animal or vegetable fertilisers with chemical or mineral fertilisers; containing > 10% nitrogen by weight (excl. in tablets or similar forms; or in packages with a gross weight of <= 10 kg),0.019,,0.476,,CBAM-BENCHMARKS-2026-02-06,Benchmarks sayfasi,dogrulandi
31059080,Fertilisers,Mineral or chemical fertilisers containing the two fertilising elements nitrogen and potassium; or one main fertilising element; incl. mixtures of animal or vegetable fertilisers with chemical or mineral fertilisers; not containing nitrogen or with a nitrogen content; by weight; of <= 10% (excl. in tablets or similar forms or in packages of a gross weight of <= 10 kg),0.019,,0.248,,CBAM-BENCHMARKS-2026-02-06,Benchmarks sayfasi,dogrulandi
26011200,Iron & Steel,Agglomerated iron ores and concentrates (excl. roasted iron pyrites),0.086,,0.086,,CBAM-BENCHMARKS-2026-02-06,Benchmarks sayfasi,dogrulandi
72011011,Iron & Steel,Non-alloy pig iron in pigs; blocks or other primary forms; containing by weight <= 0;5% phosphorus; >= 0;4% manganese and <= 1% silicon,1.089,,1.21,,CBAM-BENCHMARKS-2026-02-06,Benchmarks sayfasi,dogrulandi
72011019,Iron & Steel,Non-alloy pig iron in pigs; blocks or other primary forms; containing by weight <= 0;5% phosphorus; >= 0;4% manganese and > 1% silicon,1.089,,1.21,,CBAM-BENCHMARKS-2026-02-06,Benchmarks sayfasi,dogrulandi
72011030,Iron & Steel,Non-alloy pig iron in pigs; blocks or other primary forms; containing by weight <= 0;5% phosphorus; and >= 0;1% but < 0;4% manganese,1.089,,1.21,,CBAM-BENCHMARKS-2026-02-06,Benchmarks sayfasi,dogrulandi
72011090,Iron & Steel,Non-alloy pig iron in pigs; blocks or other primary forms; containing by weight <= 0;5% phosphorus; and <= 0;1% manganese,1.089,,1.21,,CBAM-BENCHMARKS-2026-02-06,Benchmarks sayfasi,dogrulandi
72012000,Iron & Steel,Non-alloy pig iron in pigs; blocks or other primary forms; containing by weight >= 0;5% phosphorus,1.089,,1.21,,CBAM-BENCHMARKS-2026-02-06,Benchmarks sayfasi,dogrulandi
72015010,Iron & Steel,Alloy pig iron in pigs; blocks or other primary forms; containing by weight >= 0;3% but <= 1% titanium and >= 0;5% but <= 1% vanadium,1.089,,1.21,,CBAM-BENCHMARKS-2026-02-06,Benchmarks sayfasi,dogrulandi
72015090,Iron & Steel,Alloy pig iron and spiegeleisen; in pigs; blocks or other primary forms (excl. alloy iron containing; by weight; >= 0;3% but <= 1% titanium and >= 0;5% but <= 1% vanadium),1.089,,1.21,,CBAM-BENCHMARKS-2026-02-06,Benchmarks sayfasi,dogrulandi
72021120,Iron & Steel,Ferro-manganese; containing by weight > 2% carbon; with a granulometry <= 5 mm and a manganese content by weight > 65%,1.361,(1),1.361,(1),CBAM-BENCHMARKS-2026-02-06,Benchmarks sayfasi,dogrulandi
72021180,Iron & Steel,Ferro-manganese; containing by weight > 2% carbon (excl. ferro-manganese with a granulometry of <= 5 mm and containing by weight > 65% manganese),1.361,(1),1.361,(1),CBAM-BENCHMARKS-2026-02-06,Benchmarks sayfasi,dogrulandi
72021900,Iron & Steel,Ferro-manganese; containing by weight <= 2% carbon,1.361,(1),1.361,(1),CBAM-BENCHMARKS-2026-02-06,Benchmarks sayfasi,dogrulandi
72024110,Iron & Steel,Ferro-chromium; containing by weight > 4% but <= 6% carbon,1.142,(1),1.142,(1),CBAM-BENCHMARKS-2026-02-06,Benchmarks sayfasi,dogrulandi
72024190,Iron & Steel,Ferro-chromium; containing by weight > 6% carbon,1.142,(1),1.142,(1),CBAM-BENCHMARKS-2026-02-06,Benchmarks sayfasi,dogrulandi
72024910,Iron & Steel,Ferro-chromium; containing by weight <= 0;05% carbon,1.142,(1),1.142,(1),CBAM-BENCHMARKS-2026-02-06,Benchmarks sayfasi,dogrulandi
72024950,Iron & Steel,Ferro-chromium; containing by weight > 0;05% but <= 0;5% carbon,1.142,(1),1.142,(1),CBAM-BENCHMARKS-2026-02-06,Benchmarks sayfasi,dogrulandi
72024990,Iron & Steel,Ferro-chromium; containing by weight > 0;5% but <= 4% carbon,1.142,(1),1.142,(1),CBAM-BENCHMARKS-2026-02-06,Benchmarks sayfasi,dogrulandi
72026000,Iron & Steel,Ferro-nickel,2.39,(1),2.39,(1),CBAM-BENCHMARKS-2026-02-06,Benchmarks sayfasi,dogrulandi
72031000,Iron & Steel,Ferrous products obtained by direct reduction of iron ore; in lumps; pellets or similar forms,0.295,,0.397,,CBAM-BENCHMARKS-2026-02-06,Benchmarks sayfasi,dogrulandi
72039000,Iron & Steel,Spongy ferrous products; obtained from molten pig iron by atomisation; iron of a purity of >= 99;94%; in lumps; pellets or similar forms,0.295,,0.397,,CBAM-BENCHMARKS-2026-02-06,Benchmarks sayfasi,dogrulandi
72051000,Iron & Steel,Granules; of pig iron; spiegeleisen; iron or steel (excl. granules of ferro-alloys; turnings and filings of iron or steel; certain small calibre items; defective balls for ball-bearings),0,,1.288,(C),CBAM-BENCHMARKS-2026-02-06,Benchmarks sayfasi,dogrulandi
72052100,Iron & Steel,Powders; of alloy steel (excl. powders of ferro-alloys and radioactive iron powders isotopes),0,,1.46,(F)(1),CBAM-BENCHMARKS-2026-02-06,Benchmarks sayfasi,dogrulandi
72052900,Iron & Steel,Powders; of pig iron; spiegeleisen; iron or non-alloy steel (excl. powders of ferro-alloys and radioactive iron powders isotopes),0,,1.288,(C),CBAM-BENCHMARKS-2026-02-06,Benchmarks sayfasi,dogrulandi
72061000,Iron & Steel,Ingots; of iron and non-alloy steel (excl. remelted scrap ingots; continuous cast products; iron of heading 7203),0.15,(C),1.288,(C),CBAM-BENCHMARKS-2026-02-06,Benchmarks sayfasi,dogrulandi
72069000,Iron & Steel,Iron and non-alloy steel; in puddled bars or other primary forms (excl. ingots; remelted scrap ingots; continuous cast products; iron of heading 7203),0.15,(C),1.288,(C),CBAM-BENCHMARKS-2026-02-06,Benchmarks sayfasi,dogrulandi
72071111,Iron & Steel,Semi-finished products; of non-alloy free-cutting steel; containing by weight < 0;25% carbon; of square or rectangular cross-section; the width < twice the thickness; rolled or obtained by continuous casting,0.188,(C),1.364,(C),CBAM-BENCHMARKS-2026-02-06,Benchmarks sayfasi,dogrulandi
72071114,Iron & Steel,Semi-finished products; of iron or non-alloy steel; containing by weight < 0;25% carbon; of square or rectangular cross-section; the width < twice the thickness of <= 130 mm; rolled or obtained by continuous casting (excl. free-cutting steel),0.188,(C),1.364,(C),CBAM-BENCHMARKS-2026-02-06,Benchmarks sayfasi,dogrulandi
72071116,Iron & Steel,Semi-finished products; of iron or non-alloy steel; containing by weight < 0;25% carbon; of square or rectangular cross-section; the width < twice the thickness of > 130 mm; rolled or obtained by continuous casting (excl. free-cutting steel),0.188,(C),1.364,(C),CBAM-BENCHMARKS-2026-02-06,Benchmarks sayfasi,dogrulandi
72071190,Iron & Steel,Semi-finished products of iron or non-alloy steel; containing by weight < 0;25% carbon; of rectangular cross-section; the width < twice the thickness; forged,0.453,(C),1.629,(C),CBAM-BENCHMARKS-2026-02-06,Benchmarks sayfasi,dogrulandi
72071210,Iron & Steel,Semi-finished products of iron or non-alloy steel; containing by weight < 0;25 of carbon; of rectangular other than square cross-section; the width measuring >= twice the thickness; rolled or obtained by continuous casting,0.188,(C),1.364,(C),CBAM-BENCHMARKS-2026-02-06,Benchmarks sayfasi,dogrulandi
72071290,Iron & Steel,Semi-finished products of iron or non-alloy steel; containing by weight < 0;25% carbon; of rectangular other than square cross-section; the width >= twice the thickness; forged,0.453,(C),1.629,(C),CBAM-BENCHMARKS-2026-02-06,Benchmarks sayfasi,dogrulandi
72071912,Iron & Steel,Semi-finished products; of iron or non-alloy steel; containing by weight < 0;25% carbon; of circular or polygonal cross-section; rolled or obtained by continuous casting,0.188,(C),1.364,(C),CBAM-BENCHMARKS-2026-02-06,Benchmarks sayfasi,dogrulandi
72071919,Iron & Steel,Semi-finished products of iron or non-alloy steel; containing by weight < 0;25% carbon; of circular or polygonal cross-section; forged,0.453,(C),1.629,(C),CBAM-BENCHMARKS-2026-02-06,Benchmarks sayfasi,dogrulandi
72071980,Iron & Steel,Semi-finished products of iron or non-alloy steel; containing by weight < 0;25% carbon (excl. semi-products; of square; rectangular; circular or polygonal cross-section),0.188,(C),1.364,(C),CBAM-BENCHMARKS-2026-02-06,Benchmarks sayfasi,dogrulandi
72072011,Iron & Steel,Semi-finished products; of non-alloy free-cutting steel; containing by weight >= 0;25% carbon; of square or rectangular cross-section; the width < twice the thickness; rolled or obtained by continuous casting,0.188,(C),1.364,(C),CBAM-BENCHMARKS-2026-02-06,Benchmarks sayfasi,dogrulandi
72072015,Iron & Steel,Semi-finished products of iron or non-alloy steel; containing by weight >= 0;25% but < 0;6% carbon; of square or rectangular cross-section; the width < twice the thickness; rolled or obtained by continuous casting (excl. free-cutting steel),0.188,(C),1.364,(C),CBAM-BENCHMARKS-2026-02-06,Benchmarks sayfasi,dogrulandi
72072017,Iron & Steel,Semi-finished products of iron or non-alloy steel; containing by weight >= 0;6% carbon; of square or rectangular cross-section; the width < twice the thickness; rolled or obtained by continuous casting (excl. free-cutting steel),0.188,(C),1.364,(C),CBAM-BENCHMARKS-2026-02-06,Benchmarks sayfasi,dogrulandi
72072019,Iron & Steel,Semi-finished products of iron or non-alloy steel; containing by weight >= 0;25% carbon; of square or rectangular cross-section; the width < twice the thickness; forged,0.453,(C),1.629,(C),CBAM-BENCHMARKS-2026-02-06,Benchmarks sayfasi,dogrulandi
72072032,Iron & Steel,Semi-finished products of iron or non-alloy steel; containing by weight >= 0;25 of carbon; of rectangular other than square cross-section; the width measuring >= twice the thickness; rolled or obtained by continuous casting,0.188,(C),1.364,(C),CBAM-BENCHMARKS-2026-02-06,Benchmarks sayfasi,dogrulandi
72072039,Iron & Steel,Semi-finished products of iron or non-alloy steel; containing by weight >= 0;25% carbon; of rectangular other than square cross-section and the width >= twice the thickness; forged,0.453,(C),1.629,(C),CBAM-BENCHMARKS-2026-02-06,Benchmarks sayfasi,dogrulandi
72072052,Iron & Steel,Semi-finished products of iron or non-alloy steel; containing by weight >= 0;25% carbon; of circular or polygonal cross-section; rolled or obtained by continuous casting,0.188,(C),1.364,(C),CBAM-BENCHMARKS-2026-02-06,Benchmarks sayfasi,dogrulandi
72072059,Iron & Steel,Semi-finished products of iron or non-alloy steel; containing by weight >= 0;6% carbon; of circular or polygonal cross-section; forged,0.453,(C),1.629,(C),CBAM-BENCHMARKS-2026-02-06,Benchmarks sayfasi,dogrulandi
72072080,Iron & Steel,Semi-finished products of iron or non-alloy steel; containing by weight >= 0;25% carbon (excl. those of square; rectangular; circular or polygonal cross-section),0.188,(C),1.364,(C),CBAM-BENCHMARKS-2026-02-06,Benchmarks sayfasi,dogrulandi
72081000,Iron & Steel,Flat-rolled products of iron or non-alloy steel; of a width of >= 600 mm; in coils; simply hot-rolled; not clad; plated or coated; with patterns in relief directly due to the rolling process,0.044,,1.37,(C),CBAM-BENCHMARKS-2026-02-06,Benchmarks sayfasi,dogrulandi
72082500,Iron & Steel,Flat-rolled products of iron or non-alloy steel; of a width of >= 600 mm; in coils; simply hot-rolled; not clad; plated or coated; of a thickness of >= 4;75 mm; pickled; without patterns in relief,0.044,,1.37,(C),CBAM-BENCHMARKS-2026-02-06,Benchmarks sayfasi,dogrulandi
72082600,Iron & Steel,Flat-rolled products of iron or non-alloy steel; of a width of >= 600 mm; in coils; simply hot-rolled; not clad; plated or coated; of a thickness of >= 3 mm but < 4;75 mm; pickled; without patterns in relief,0.044,,1.37,(C),CBAM-BENCHMARKS-2026-02-06,Benchmarks sayfasi,dogrulandi
72082700,Iron & Steel,Flat-rolled products of iron or non-alloy steel; of a width of >= 600 mm; in coils; simply hot-rolled; not clad; plated or coated; of a thickness of < 3 mm; pickled; without patterns in relief,0.044,,1.37,(C),CBAM-BENCHMARKS-2026-02-06,Benchmarks sayfasi,dogrulandi
72083600,Iron & Steel,Flat-rolled products of iron or non-alloy steel; of a width of >= 600 mm; in coils; simply hot-rolled; not clad; plated or coated; of a thickness of >= 10 mm; not pickled; without patterns in relief,0.044,,1.37,(C),CBAM-BENCHMARKS-2026-02-06,Benchmarks sayfasi,dogrulandi
72083700,Iron & Steel,Flat-rolled products of iron or non-alloy steel; of a width of >= 600 mm; in coils; simply hot-rolled; not clad; plated or coated; of a thickness of >= 4;75 mm but < 10 mm; not pickled; without patterns in relief,0.044,,1.37,(C),CBAM-BENCHMARKS-2026-02-06,Benchmarks sayfasi,dogrulandi
72083800,Iron & Steel,Flat-rolled products of iron or non-alloy steel; of a width of >= 600 mm; in coils; simply hot-rolled; not clad; plated or coated; of a thickness of >= 3 mm but < 4;75 mm; not pickled; without patterns in relief,0.044,,1.37,(C),CBAM-BENCHMARKS-2026-02-06,Benchmarks sayfasi,dogrulandi
72083900,Iron & Steel,Flat-rolled products of iron or non-alloy steel; of a width of >= 600 mm; in coils; simply hot-rolled; not clad; plated or coated; of a thickness of < 3 mm; not pickled; without patterns in relief,0.044,,1.37,(C),CBAM-BENCHMARKS-2026-02-06,Benchmarks sayfasi,dogrulandi
72084000,Iron & Steel,Flat-rolled products of iron or non-alloy steel; of a width of >= 600 mm; not in coils; simply hot-rolled; not clad; plated or coated; with patterns in relief directly due to the rolling process,0.044,,1.37,(C),CBAM-BENCHMARKS-2026-02-06,Benchmarks sayfasi,dogrulandi
72085120,Iron & Steel,Flat-rolled products of iron or non-alloy steel; of a width of >= 600 mm; not in coils; simply hot-rolled; not clad; plated or coated; of a thickness of > 15 mm; without patterns in relief,0.044,,1.37,(C),CBAM-BENCHMARKS-2026-02-06,Benchmarks sayfasi,dogrulandi
72085191,Iron & Steel,Flat-rolled products of iron or non-alloy steel; of a width of >= 2.050 mm; not in coils; simply hot-rolled; not clad; plated or coated; of a thickness of > 10 mm but <= 15 mm; without patterns in relief (excl. wide flats),0.044,,1.37,(C),CBAM-BENCHMARKS-2026-02-06,Benchmarks sayfasi,dogrulandi
72085198,Iron & Steel,Flat-rolled products of iron or non-alloy steel; of a width of < 2.050 mm but >= 600 mm; not in coils; simply hot-rolled; not clad; plated or coated; of a thickness of > 10 mm but <= 15 mm; without patterns in relief,0.044,,1.37,(C),CBAM-BENCHMARKS-2026-02-06,Benchmarks sayfasi,dogrulandi
72085210,Iron & Steel,Flat-rolled products of iron or non-alloy steel; of a width of <= 1.250 mm; not in coils; simply hot-rolled on four faces or in a closed box pass; not clad; plated or coated; of a thickness of >= 4;75 mm but <= 10 mm; without patterns in relief,0.044,,1.37,(C),CBAM-BENCHMARKS-2026-02-06,Benchmarks sayfasi,dogrulandi
72085291,Iron & Steel,Flat-rolled products of iron or non-alloy steel; of a width of >= 2.050 mm; not in coils; simply hot-rolled; not clad; plated or coated; of a thickness of >= 4;75 mm but <= 10 mm; without patterns in relief,0.044,,1.37,(C),CBAM-BENCHMARKS-2026-02-06,Benchmarks sayfasi,dogrulandi
72085299,Iron & Steel,Flat-rolled products of iron or non-alloy steel; of a width of < 2.050 mm but >= 600 mm; not in coils; simply hot-rolled; not clad; plated or coated; of a thickness of >= 4;75 mm but <= 10 mm; without patterns in relief (excl. rolled on four faces or in a closed bow pass of a width <= 1.250 mm),0.044,,1.37,(C),CBAM-BENCHMARKS-2026-02-06,Benchmarks sayfasi,dogrulandi
72085310,Iron & Steel,Flat-rolled products of iron or non-alloy steel; of a width of <= 1.250 mm; not in coils; simply hot-rolled on four faces or in a closed box pass; not clad; plated or coated; of a thickness of >= 4 mm but < 4;75 mm; without patterns in relief,0.044,,1.37,(C),CBAM-BENCHMARKS-2026-02-06,Benchmarks sayfasi,dogrulandi
72085390,Iron & Steel,Flat-rolled products of iron or non-alloy steel; of a width of >= 600 mm; not in coils; simply hot-rolled; not clad; plated or coated; of a thickness of >= 3 mm but < 4;75 mm; without patterns in relief (excl. rolled on four faces or in a closed bow pass of a width <= 1.250 mm and of a thickness of >= 4 mm),0.044,,1.37,(C),CBAM-BENCHMARKS-2026-02-06,Benchmarks sayfasi,dogrulandi
72085400,Iron & Steel,Flat-rolled products of iron or non-alloy steel; of a width of >= 600 mm; not in coils; simply hot-rolled; not clad; plated or coated; of a thickness of < 3 mm; without patterns in relief,0.044,,1.37,(C),CBAM-BENCHMARKS-2026-02-06,Benchmarks sayfasi,dogrulandi
72089020,Iron & Steel,Flat-rolled products of iron or steel; of a width >= 600 mm; hot-rolled and further worked; but not clad; plated or coated; perforated,0.044,,1.37,(C),CBAM-BENCHMARKS-2026-02-06,Benchmarks sayfasi,dogrulandi
72089080,Iron & Steel,Flat-rolled products of iron or steel; of a width >= 600 mm; hot-rolled and further worked; but not clad; plated or coated; non-perforated,0.044,,1.37,(C),CBAM-BENCHMARKS-2026-02-06,Benchmarks sayfasi,dogrulandi
72091500,Iron & Steel,Flat-rolled products of iron or non-alloy steel; of a width of >= 600 mm; in coils; simply cold-rolled cold-reduced; not clad; plated or coated; of a thickness of >= 3 mm,0.079,,1.458,(C),CBAM-BENCHMARKS-2026-02-06,Benchmarks sayfasi,dogrulandi
72091610,Iron & Steel,Flat-rolled products of iron or non-alloy steel; of a width of >= 600 mm; in coils; simply cold-rolled cold-reduced; of a thickness of > 1 mm but < 3 mm electrical,0.079,,1.458,(C),CBAM-BENCHMARKS-2026-02-06,Benchmarks sayfasi,dogrulandi
72091690,Iron & Steel,Flat-rolled products of iron or non-alloy steel; of a width of >= 600 mm; in coils; simply cold-rolled cold-reduced; of a thickness of > 1 mm but < 3 mm electrical,0.079,,1.458,(C),CBAM-BENCHMARKS-2026-02-06,Benchmarks sayfasi,dogrulandi
72091710,Iron & Steel,Flat-rolled products of iron or non-alloy steel; of a width of >= 600 mm; in coils; simply cold-rolled cold-reduced; of a thickness of >= 0;5 mm but <= 1 mm electrical,0.079,,1.458,(C),CBAM-BENCHMARKS-2026-02-06,Benchmarks sayfasi,dogrulandi
72091790,Iron & Steel,Flat-rolled products of iron or non-alloy steel; of a width of >= 600 mm; in coils; simply cold-rolled cold-reduced; not clad; plated or coated; of a thickness of >= 0;5 mm but <= 1 mm (excl. electrical),0.079,,1.458,(C),CBAM-BENCHMARKS-2026-02-06,Benchmarks sayfasi,dogrulandi
72091810,Iron & Steel,Flat-rolled products of iron or non-alloy steel; of a width of >= 600 mm; in coils; simply cold-rolled cold-reduced; of a thickness of < 0;5 mm electrical,0.079,,1.458,(C),CBAM-BENCHMARKS-2026-02-06,Benchmarks sayfasi,dogrulandi
72091891,Iron & Steel,Flat-rolled products of iron or non-alloy steel; of a width of >= 600 mm; in coils; simply cold-rolled cold-reduced; not clad; plated or coated; of a thickness of >= 0;35 mm but < 0;5 mm (excl. electrical),0.079,,1.458,(C),CBAM-BENCHMARKS-2026-02-06,Benchmarks sayfasi,dogrulandi
72091899,Iron & Steel,Flat-rolled products of iron or non-alloy steel; of a width of >= 600 mm; in coils; simply cold-rolled cold-reduced; not clad; plated or coated; of a thickness of < 0;35 mm (excl. electrical),0.079,,1.458,(C),CBAM-BENCHMARKS-2026-02-06,Benchmarks sayfasi,dogrulandi
72092500,Iron & Steel,Flat-rolled products of iron or non-alloy steel; of a width of >= 600 mm; not in coils; simply cold-rolled cold-reduced; not clad; plated or coated; of a thickness of >= 3 mm,0.079,,1.458,(C),CBAM-BENCHMARKS-2026-02-06,Benchmarks sayfasi,dogrulandi
72092610,Iron & Steel,Flat-rolled products of iron or non-alloy steel; of a width of >= 600 mm; not in coils; simply cold-rolled cold-reduced; of a thickness of > 1 mm but < 3 mm electrical,0.079,,1.458,(C),CBAM-BENCHMARKS-2026-02-06,Benchmarks sayfasi,dogrulandi
72092690,Iron & Steel,Flat-rolled products of iron or non-alloy steel; of a width of >= 600 mm; not in coils; simply cold-rolled cold-reduced; not clad; plated or coated; of a thickness of > 1 mm but < 3 mm (excl. electrical),0.079,,1.458,(C),CBAM-BENCHMARKS-2026-02-06,Benchmarks sayfasi,dogrulandi
72092710,Iron & Steel,Flat-rolled products of iron or non-alloy steel; of a width of >= 600 mm; not in coils; simply cold-rolled cold-reduced; of a thickness of >= 0;5 mm but <= 1 mm electrical,0.079,,1.458,(C),CBAM-BENCHMARKS-2026-02-06,Benchmarks sayfasi,dogrulandi
72092790,Iron & Steel,Flat-rolled products of iron or non-alloy steel; of a width of >= 600 mm; not in coils; simply cold-rolled cold-reduced; not clad; plated or coated; of a thickness of >= 0;5 mm but <= 1 mm (excl. electrical),0.079,,1.458,(C),CBAM-BENCHMARKS-2026-02-06,Benchmarks sayfasi,dogrulandi
72092810,Iron & Steel,Flat-rolled products of iron or non-alloy steel; of a width of >= 600 mm; not in coils; simply cold-rolled cold-reduced; of a thickness of < 0;5 mm electrical,0.079,,1.458,(C),CBAM-BENCHMARKS-2026-02-06,Benchmarks sayfasi,dogrulandi
72092890,Iron & Steel,Flat-rolled products of iron or non-alloy steel; of a width of >= 600 mm; not in coils; simply cold-rolled cold-reduced; not clad; plated or coated; of a thickness of < 0;5 mm (excl. electrical),0.079,,1.458,(C),CBAM-BENCHMARKS-2026-02-06,Benchmarks sayfasi,dogrulandi
72099020,Iron & Steel,Flat-rolled products of iron or steel; of a width of >= 600 mm; cold-rolled cold-reduced and further worked; but not clad; plated or coated; perforated,0.079,,1.458,(C),CBAM-BENCHMARKS-2026-02-06,Benchmarks sayfasi,dogrulandi
72099080,Iron & Steel,Flat-rolled products of iron or steel; of a width of >= 600 mm; cold-rolled cold-reduced and further worked; but not clad; plated or coated; non-perforated,0.079,,1.458,(C),CBAM-BENCHMARKS-2026-02-06,Benchmarks sayfasi,dogrulandi
72101100,Iron & Steel,Flat-rolled products of iron or non-alloy steel; of a width of >= 600 mm; hot-rolled or cold-rolled cold-reduced; tinned; of a thickness of >= 0;5 mm,0.112,,1.491,(C),CBAM-BENCHMARKS-2026-02-06,Benchmarks sayfasi,dogrulandi
72101220,Iron & Steel,Tinplate of iron or non-alloy steel; of a width of >= 600 mm and of a thickness of < 0;5 mm; tinned [coated with a layer of metal containing; by weight;  >= 97% of tin]; not further worked than surface-treated,0.112,,1.491,(C),CBAM-BENCHMARKS-2026-02-06,Benchmarks sayfasi,dogrulandi
72101280,Iron & Steel,Flat-rolled products of iron or non-alloy steel; of a width of >= 600 mm; hot-rolled or cold-rolled cold-reduced; plated or coated with tin; of a thickness of < 0;5 mm (excl. tinplate),0.112,,1.491,(C),CBAM-BENCHMARKS-2026-02-06,Benchmarks sayfasi,dogrulandi
72102000,Iron & Steel,Flat-rolled products of iron or non-alloy steel; of a width of >= 600 mm; hot-rolled or cold-rolled cold-reduced; plated or coated with lead; incl. terne-plate,0.112,,1.491,(C),CBAM-BENCHMARKS-2026-02-06,Benchmarks sayfasi,dogrulandi
72103000,Iron & Steel,Flat-rolled products of iron or non-alloy steel; of a width of >= 600 mm; hot-rolled or cold-rolled cold-reduced; electrolytically plated or coated with zinc,0.112,,1.491,(C),CBAM-BENCHMARKS-2026-02-06,Benchmarks sayfasi,dogrulandi
72104100,Iron & Steel,Flat-rolled products of iron or non-alloy steel; of a width of >= 600 mm; hot-rolled or cold-rolled cold-reduced; corrugated; plated or coated with zinc (excl. electrolytically plated or coated with zinc),0.112,,1.491,(C),CBAM-BENCHMARKS-2026-02-06,Benchmarks sayfasi,dogrulandi
72104900,Iron & Steel,Flat-rolled products of iron or non-alloy steel; of a width of >= 600 mm; hot-rolled or cold-rolled cold-reduced; not corrugated; plated or coated with zinc (excl. electrolytically plated or coated with zinc),0.112,,1.491,(C),CBAM-BENCHMARKS-2026-02-06,Benchmarks sayfasi,dogrulandi
72105000,Iron & Steel,Flat-rolled products of iron or non-alloy steel; of a width of >= 600 mm; hot-rolled or cold-rolled cold-reduced; plated or coated with chromium oxides or with chromium and chromium oxides,0.112,,1.491,(C),CBAM-BENCHMARKS-2026-02-06,Benchmarks sayfasi,dogrulandi
72106100,Iron & Steel,Flat-rolled products of iron or non-alloy steel; of a width of >= 600 mm; hot-rolled or cold-rolled cold-reduced; plated or coated with aluminium-zinc alloys,0.112,,1.491,(C),CBAM-BENCHMARKS-2026-02-06,Benchmarks sayfasi,dogrulandi
72106900,Iron & Steel,Flat-rolled products of iron or non-alloy steel; of a width of >= 600 mm; hot-rolled or cold-rolled cold-reduced; plated or coated with aluminium (excl. products plated or coated with aluminium-zinc alloys),0.112,,1.491,(C),CBAM-BENCHMARKS-2026-02-06,Benchmarks sayfasi,dogrulandi
72107010,Iron & Steel,Tinplate of a width of >= 600 mm and of a thickness of < 0;5 mm; tinned [coated with a layer of metal containing; by weight;  >= 97% of tin]; not further worked than varnished; and flat products plated or coated with chromium oxides or with chromium and chromium oxides; of iron or non-alloy steel; of a width of >= 600 mm; hot-rolled or cold-rolled cold-reduced; varnished,0.112,,1.491,(C),CBAM-BENCHMARKS-2026-02-06,Benchmarks sayfasi,dogrulandi
72107080,Iron & Steel,Flat-rolled products of iron or non-alloy steel; of a width of >= 600 mm; hot-rolled or cold-rolled cold-reduced; painted; varnished or plastic coated (excl. tinplate and products electrolytically plated or coated with chrome; varnished),0.112,,1.491,(C),CBAM-BENCHMARKS-2026-02-06,Benchmarks sayfasi,dogrulandi
72109030,Iron & Steel,Flat-rolled products of iron or non-alloy steel; of a width of >= 600 mm; hot-rolled or cold-rolled cold-reduced; clad,0.112,,1.491,(C),CBAM-BENCHMARKS-2026-02-06,Benchmarks sayfasi,dogrulandi
72109040,Iron & Steel,Flat-rolled products of iron or non-alloy steel; tinned and printed; of a width of >= 600 mm; hot-rolled or cold-rolled cold-reduced,0.112,,1.491,(C),CBAM-BENCHMARKS-2026-02-06,Benchmarks sayfasi,dogrulandi
72109080,Iron & Steel,Flat-rolled products of iron or non-alloy steel; hot-rolled or cold-rolled cold-reduced; of a width of >= 600 mm; plated or coated (excl. plated or coated with thin; lead incl. terne-plate; zinc; aluminium; chromium; chromium oxides; plastics; platinum; painted or varnished; clad and tinned and printed),0.112,,1.491,(C),CBAM-BENCHMARKS-2026-02-06,Benchmarks sayfasi,dogrulandi
72111300,Iron & Steel,Flat-rolled products of iron or non-alloy steel; simply hot-rolled on four faces or in a closed box pass; not clad; plated or coated; of a width of > 150 mm but < 600 mm and a thickness of >= 4 mm; not in coils; without patterns in relief; commonly known as wide flats,0.044,,1.37,(C),CBAM-BENCHMARKS-2026-02-06,Benchmarks sayfasi,dogrulandi
72111400,Iron & Steel,Flat-rolled products of iron or non-alloy steel; of a width < 600 mm; not further worked than hot-rolled; not clad; plated or coated; of a thickness of >= 4;75 mm (excl. wide flats),0.044,,1.37,(C),CBAM-BENCHMARKS-2026-02-06,Benchmarks sayfasi,dogrulandi
72111900,Iron & Steel,Flat-rolled products of iron or non-alloy steel; of a width < 600 mm; simply hot-rolled; not clad; plated or coated; of a thickness < 4;75 mm (excl. wide flats),0.044,,1.37,(C),CBAM-BENCHMARKS-2026-02-06,Benchmarks sayfasi,dogrulandi
72112320,Iron & Steel,Flat-rolled products of iron or non-alloy steel; of a width of < 600 mm; simply cold-rolled cold-reduced; not clad; plated or coated; containing by weight < 0;25% of carbon electrical,0.079,,1.458,(C),CBAM-BENCHMARKS-2026-02-06,Benchmarks sayfasi,dogrulandi
72112330,Iron & Steel,Flat-rolled products of iron or non-alloy steel; of a width of < 600 mm and of a thickness of >= 0;35 mm; simply cold-rolled cold-reduced; not clad; plated or coated; containing by weight < 0;25% of carbon (excl. electrical plate),0.079,,1.458,(C),CBAM-BENCHMARKS-2026-02-06,Benchmarks sayfasi,dogrulandi
72112380,Iron & Steel,Flat-rolled products of iron or non-alloy steel; of a width of < 600 mm and of a thickness of < 0;35 mm; simply cold-rolled cold-reduced; not clad; plated or coated; containing by weight < 0;25% of carbon (excl. electrical plate),0.079,,1.458,(C),CBAM-BENCHMARKS-2026-02-06,Benchmarks sayfasi,dogrulandi
72112900,Iron & Steel,Flat-rolled products of iron or non-alloy steel; of a width of < 600 mm; simply cold-rolled cold-reduced; not clad; plated or coated; containing by weight >= 0;25% of carbon,0.079,,1.458,(C),CBAM-BENCHMARKS-2026-02-06,Benchmarks sayfasi,dogrulandi
72119020,Iron & Steel,Flat-rolled products of iron or non-alloy steel; of a width of < 600 mm; hot-rolled or cold-rolled cold-reduced and further worked; but not clad; plated or coated; perforated,0.079,,1.458,(C),CBAM-BENCHMARKS-2026-02-06,Benchmarks sayfasi,dogrulandi
72119080,Iron & Steel,Flat-rolled products of iron or non-alloy steel; of a width of < 600 mm; hot-rolled or cold-rolled cold-reduced and further worked; but not clad; plated or coated non-perforated,0.079,,1.458,(C),CBAM-BENCHMARKS-2026-02-06,Benchmarks sayfasi,dogrulandi
72121010,Iron & Steel,Tinplate of iron or non-alloy steel; of a width of < 600 mm and of a thickness of < 0;5 mm; tinned [coated with a layer of metal containing; by weight;  >= 97% of tin]; not further worked than surface-treated,0.112,,1.491,(C),CBAM-BENCHMARKS-2026-02-06,Benchmarks sayfasi,dogrulandi
72121090,Iron & Steel,Flat-rolled products of iron or non-alloy steel; hot-rolled or cold-rolled cold-reduced; of a width of < 600 mm; tinned (excl. tinplate; not further worked than surface-treated),0.112,,1.491,(C),CBAM-BENCHMARKS-2026-02-06,Benchmarks sayfasi,dogrulandi
72122000,Iron & Steel,Flat-rolled products of iron or non-alloy steel; of a width of < 600 mm; hot-rolled or cold-rolled cold-reduced; electrolytically plated or coated with zinc,0.112,,1.491,(C),CBAM-BENCHMARKS-2026-02-06,Benchmarks sayfasi,dogrulandi
72123000,Iron & Steel,Flat-rolled products of iron or non-alloy steel; of a width of < 600 mm; hot-rolled or cold-rolled cold-reduced; tinned (excl. electrolytically plated or coated with zinc),0.112,,1.491,(C),CBAM-BENCHMARKS-2026-02-06,Benchmarks sayfasi,dogrulandi
72124020,Iron & Steel,Tinplate of a width of < 600 mm and of a thickness of < 0;5 mm; tinned [coated with a layer of metal containing; by weight;  >= 97% of tin]; not further worked than varnished; and flat products plated or coated with chromium oxides or with chromium and chromium oxides; of iron or non-alloy steel; of a width of < 600 mm; hot-rolled or cold-rolled cold-reduced; varnished,0.112,,1.491,(C),CBAM-BENCHMARKS-2026-02-06,Benchmarks sayfasi,dogrulandi
72124080,Iron & Steel,Flat-rolled products of iron or non-alloy steel; of a width of < 600 mm; hot-rolled or cold-rolled cold-reduced; painted; varnished or plastic coated (excl. tinplate; not further worked than varnished; and products plated or coated with chromium oxides or with chromium and chromium oxides; varnished),0.112,,1.491,(C),CBAM-BENCHMARKS-2026-02-06,Benchmarks sayfasi,dogrulandi
72125020,Iron & Steel,Flat-rolled products of iron or non-alloy steel; of a width of < 600 mm; hot-rolled or cold-rolled cold-reduced; plated or coated with chromium oxides or with chromium and chromium oxides (excl. varnished),0.112,,1.491,(C),CBAM-BENCHMARKS-2026-02-06,Benchmarks sayfasi,dogrulandi
72125030,Iron & Steel,Flat-rolled products of iron or non-alloy steel; of a width of < 600 mm; hot-rolled or cold-rolled cold-reduced; plated or coated with chromium or nickel,0.112,,1.491,(C),CBAM-BENCHMARKS-2026-02-06,Benchmarks sayfasi,dogrulandi
72125040,Iron & Steel,Flat-rolled products of iron or non-alloy steel; of a width of < 600 mm; hot-rolled or cold-rolled cold-reduced; plated or coated with copper,0.112,,1.491,(C),CBAM-BENCHMARKS-2026-02-06,Benchmarks sayfasi,dogrulandi
72125061,Iron & Steel,Flat-rolled products of iron or non-alloy steel; of a width of < 600 mm; hot-rolled or cold-rolled cold-reduced; plated or coated with aluminium-zinc alloys,0.112,,1.491,(C),CBAM-BENCHMARKS-2026-02-06,Benchmarks sayfasi,dogrulandi
72125069,Iron & Steel,Flat-rolled products of iron or non-alloy steel; of a width of < 600 mm; hot-rolled or cold-rolled cold-reduced; plated or coated with aluminium (excl. products plated or coated with aluminium-zinc alloys),0.112,,1.491,(C),CBAM-BENCHMARKS-2026-02-06,Benchmarks sayfasi,dogrulandi
72125090,Iron & Steel,Flat-rolled products of iron or non-alloy steel; of a width of < 600 mm; hot-rolled or cold-rolled cold-reduced; clad (excl. products plated or coated with tin or zinc; copper; with chromium oxides or with chromium and chromium oxides; chromium; nickel or aluminium; painted or varnished; and plastic-coated),0.112,,1.491,(C),CBAM-BENCHMARKS-2026-02-06,Benchmarks sayfasi,dogrulandi
72126000,Iron & Steel,Flat-rolled products of iron or non-alloy steel; of a width of < 600 mm; hot-rolled or cold-rolled cold-reduced; clad,0.112,,1.491,(C),CBAM-BENCHMARKS-2026-02-06,Benchmarks sayfasi,dogrulandi
72131000,Iron & Steel,Bars and rods; hot-rolled; in irregularly wound coils of iron or non-alloy steel; with indentations; ribs; grooves or other deformations produced during the rolling process,0.038,,1.364,(C),CBAM-BENCHMARKS-2026-02-06,Benchmarks sayfasi,dogrulandi
72132000,Iron & Steel,Bars and rods; hot-rolled; in irregularly wound coils; of non-alloy free-cutting steel (excl. bars and rods containing indentations; ribs; grooves or other deformations produced during the rolling process),0.038,,1.364,(C),CBAM-BENCHMARKS-2026-02-06,Benchmarks sayfasi,dogrulandi
72139110,Iron & Steel,Bars and rods; hot-rolled; of the type used for concrete reinforcement; smooth; of iron or non-alloy steel; in irregularly wound coils; of circular cross-section measuring < 14 mm in diameter,0.038,,1.364,(C),CBAM-BENCHMARKS-2026-02-06,Benchmarks sayfasi,dogrulandi
72139120,Iron & Steel,Bars and rods; hot-rolled; of the type used for tyre cord; smooth; of iron or non-alloy steel; in irregularly wound coils,0.038,,1.364,(C),CBAM-BENCHMARKS-2026-02-06,Benchmarks sayfasi,dogrulandi
72139141,Iron & Steel,Bars and rods; hot-rolled; of iron or non-alloy steel; in irregularly wound coils; containing by weight <= 0;06% of carbon; of circular cross-section measuring < 14 mm in diameter (excl. free-cutting steel; bars and rods; hot-rolled; for concrete reinforcement and tyre cord; and bars and rods; hot-rolled; containing indentations; ribs; grooves or other deformations produced during the rolling process),0.038,,1.364,(C),CBAM-BENCHMARKS-2026-02-06,Benchmarks sayfasi,dogrulandi
72139149,Iron & Steel,Bars and rods; hot-rolled; of iron or non-alloy steel; in irregularly wound coils; containing by weight > 0;06% and < 0;25% of carbon; of circular cross-section; measuring < 14 mm in diameter (excl. of free-cutting steel; bars and rods; hot-rolled; for concrete reinforcement and tyre cord and bars and rods; hot-rolled; containing indentations; ribs; grooves or other deformations produced during the rolling process),0.038,,1.364,(C),CBAM-BENCHMARKS-2026-02-06,Benchmarks sayfasi,dogrulandi
72139170,Iron & Steel,Bars and rods; hot-rolled; in irregularly wound coils; of iron or non-alloy steel; containing by weight >= 0;25% but <= 0;75% carbon; of circular cross-section measuring < 14 mm in diameter (excl. of free-cutting steel; and bars and rods; smooth; for concrete reinforcement and tyre cord; and bars and rods with indentations; ribs; grooves or other deformations produced during the rolling process),0.038,,1.364,(C),CBAM-BENCHMARKS-2026-02-06,Benchmarks sayfasi,dogrulandi
72139190,Iron & Steel,Bars and rods; hot-rolled; of iron or non-alloy steel; in irregularly wound coils; containing by weight > 0;75% of carbon; of circular cross-section measuring < 14 mm in diameter (excl. of free-cutting steel; bars and rods; smooth; for tyre cord and bars and rods with indentations; ribs; grooves and other deformations produced during the rolling process),0.038,,1.364,(C),CBAM-BENCHMARKS-2026-02-06,Benchmarks sayfasi,dogrulandi
72139910,Iron & Steel,Bars and rods; of iron or non-alloy steel; hot-rolled; in irregularly wound coils; containing by weight < 0;25% carbon (excl. products of circular cross-section measuring < 14 mm in diameter; bars and rods of free-cutting steel; and bars and rods with indentations; ribs; grooves or other deformations produced during the rolling process),0.038,,1.364,(C),CBAM-BENCHMARKS-2026-02-06,Benchmarks sayfasi,dogrulandi
72139990,Iron & Steel,Bars and rods; hot-rolled; in irregularly wound coils; of iron or non-alloy steel; containing by weight >= 0;25% carbon (excl. products of circular cross-section measuring < 14 mm diameter; bars and rods of free-cutting steel; and bars and rods with indentations; ribs; grooves or other deformations produced during the rolling process),0.038,,1.364,(C),CBAM-BENCHMARKS-2026-02-06,Benchmarks sayfasi,dogrulandi
72141000,Iron & Steel,Bars and rods; of iron or non-alloy steel; not further worked than forged (excl. in irregularly wound coils),0.303,,1.629,(C),CBAM-BENCHMARKS-2026-02-06,Benchmarks sayfasi,dogrulandi
72142000,Iron & Steel,Bars and rods; of iron or non-alloy steel; with indentations; ribs; groves or other deformations produced during the rolling process,0.038,,1.364,(C),CBAM-BENCHMARKS-2026-02-06,Benchmarks sayfasi,dogrulandi
72143000,Iron & Steel,Bars and rods; of non-alloy free-cutting steel; not further worked than hot-rolled; hot-drawn or hot-extruded (excl. containing indentations; ribs; grooves or other deformations produced during the rolling process or twisted after rolling),0.038,,1.364,(C),CBAM-BENCHMARKS-2026-02-06,Benchmarks sayfasi,dogrulandi
72149110,Iron & Steel,Bars and rods of iron or non-alloy steel; not further worked than hot-rolled; hot-drawn or hot-extruded; containing by weight < 0;25% of carbon; of rectangular other than square cross-section (excl. those with indentations; ribs; grooves or other deformations produced during the rolling process; bars and rods twisted after rolling; and free-cutting steel),0.038,,1.364,(C),CBAM-BENCHMARKS-2026-02-06,Benchmarks sayfasi,dogrulandi
72149190,Iron & Steel,Other bars and rods of iron or non-alloy steel; only hot-rolled; only hot-drawn or only hot-extruded; containing by weight >= 0;25% of carbon; of rectangular other than square cross-section (excl. those with indentations; ribs; grooves or other deformations produced during the rolling process; bars and rods twisted after rolling; and free-cutting steel),0.038,,1.364,(C),CBAM-BENCHMARKS-2026-02-06,Benchmarks sayfasi,dogrulandi
72149910,Iron & Steel,Bars and rods of the type used for concrete reinforcement; smooth; of iron or non-alloy steel; only hot-rolled; only hot-drawn or only hot-extruded; containing < 0;25% of carbon; of square cross-section or of a cross-section other than rectangular,0.038,,1.364,(C),CBAM-BENCHMARKS-2026-02-06,Benchmarks sayfasi,dogrulandi
72149931,Iron & Steel,Bars and rods of iron or non-alloy steel; only hot-rolled; hot-drawn or hot-extruded; containing < 0;25% of carbon; of circular cross-section; of a maximum diameter of >= 80 mm (other than of free-cutting steel; smooth bars and rods; for reinfoced concrete; or bars and rods containing indentations; ribs; grooves or other deformations produced during the rolling process; or wound after rolling),0.038,,1.364,(C),CBAM-BENCHMARKS-2026-02-06,Benchmarks sayfasi,dogrulandi
72149939,Iron & Steel,Bars and rods of iron or non-alloy steel; only hot-rolled; hot-drawn or hot-extruded; containing < 0;25% of carbon; of circular cross-section of a maximum diameter of < 80 mm (other than of free-cutting steel; smooth bars and rods; for reinforced concrete; or bars and rods containing indentations; ribs; grooves or other deformations produced during the rolling process; or wound after rolling),0.038,,1.364,(C),CBAM-BENCHMARKS-2026-02-06,Benchmarks sayfasi,dogrulandi
72149950,Iron & Steel,Bars and rods of iron or non-alloy steel; only hot-rolled; hot-drawn or hot-extruded; containing by weight < 0;25% of carbon; of square cross-section or of a cross-section other than square or circular (other than of free-cutting steel; smooth bars and rods; for reinforced concrete; or bars and rods containing indentations; ribs; grooves or other deformations produced during the rolling process; or wound after rolling),0.038,,1.364,(C),CBAM-BENCHMARKS-2026-02-06,Benchmarks sayfasi,dogrulandi
72149971,Iron & Steel,Bars and rods of iron or non-alloy steel; only hot-rolled; only hot-drawn or only hot-extruded; containing by weight >= 0;25% carbon; of circular cross-section measuring >= 80 mm in diameter (excl. bars and rods with indentations; ribs; grooves or other deformations produced during the rolling process; twisted after rolling; and of free-cutting steel),0.038,,1.364,(C),CBAM-BENCHMARKS-2026-02-06,Benchmarks sayfasi,dogrulandi
72149979,Iron & Steel,Bars and rods of iron or non-alloy steel; only hot-rolled; only hot-drawn or only hot-extruded; containing by weight >= 0;25% carbon; of circular cross-section measuring < 80 mm in diameter (excl. bars and rods with indentations; ribs; grooves or other deformations produced during the rolling process; twisted after rolling; and of free-cutting steel),0.038,,1.364,(C),CBAM-BENCHMARKS-2026-02-06,Benchmarks sayfasi,dogrulandi
72149995,Iron & Steel,Bars and rods of iron or non-alloy steel; only hot-rolled; only hot-drawn or only hot-extruded; containing by weight >= 0;25% carbon; of square or of other than rectangular or circular cross-section (excl. indentations; ribs; grooves or other deformations produced during the rolling process; twisted fter rolling; and of free-cutting steel),0.038,,1.364,(C),CBAM-BENCHMARKS-2026-02-06,Benchmarks sayfasi,dogrulandi
72151000,Iron & Steel,Bars and rods; of non-alloy free-cutting steel; not further worked than cold-formed or cold-finished,0.038,,1.364,(C),CBAM-BENCHMARKS-2026-02-06,Benchmarks sayfasi,dogrulandi
72155011,Iron & Steel,Other bars and rods of iron or non-alloy steel; not further worked than cold-formed or cold-finished; containing by weight < 0;25% of carbon of rectangular other than square cross-section (excl. those of free-cutting steel),0.038,,1.364,(C),CBAM-BENCHMARKS-2026-02-06,Benchmarks sayfasi,dogrulandi
72155019,Iron & Steel,Other bars and rods of iron or non-alloy steel; not further worked than cold-formed or cold-finished; containing by weight < 0;25% of carbon; of square or other than rectangular cross-section (excl. those of free-cutting steel),0.038,,1.364,(C),CBAM-BENCHMARKS-2026-02-06,Benchmarks sayfasi,dogrulandi
72155080,Iron & Steel,Other bars and rods of iron or non-alloy steel; not further worked than cold-formed or cold-finished; containing by weight >= 0;25% of carbon (excl. those of free-cutting steel),0.038,,1.364,(C),CBAM-BENCHMARKS-2026-02-06,Benchmarks sayfasi,dogrulandi
72159000,Iron & Steel,Bars or rods; of iron or non-alloy steel; cold-formed or cold-finished and further worked or hot-formed and further worked; n.e.s.,0.038,,1.364,(C),CBAM-BENCHMARKS-2026-02-06,Benchmarks sayfasi,dogrulandi
72161000,Iron & Steel,U; I or H sections of iron or non-alloy steel; not further worked than hot-rolled; hot-drawn or extruded; of a height of < 80 mm,0.038,,1.364,(C),CBAM-BENCHMARKS-2026-02-06,Benchmarks sayfasi,dogrulandi
72162100,Iron & Steel,L sections of iron or non-alloy steel; not further worked than hot-rolled; hot-drawn or extruded; of a height of < 80 mm,0.038,,1.364,(C),CBAM-BENCHMARKS-2026-02-06,Benchmarks sayfasi,dogrulandi
72162200,Iron & Steel,T sections of iron or non-alloy steel; not further worked than hot-rolled; hot-drawn or extruded; of a height of < 80 mm,0.038,,1.364,(C),CBAM-BENCHMARKS-2026-02-06,Benchmarks sayfasi,dogrulandi
72163110,Iron & Steel,U sections of iron or non-alloy steel; simply hot-rolled; hot-drawn or extruded; of a height >= 80 mm but <= 220 mm,0.038,,1.364,(C),CBAM-BENCHMARKS-2026-02-06,Benchmarks sayfasi,dogrulandi
72163190,Iron & Steel,U sections of iron or non-alloy steel; simply hot-rolled; hot-drawn or extruded; of a height > 220 mm,0.038,,1.364,(C),CBAM-BENCHMARKS-2026-02-06,Benchmarks sayfasi,dogrulandi
72163211,Iron & Steel,I sections with parallel flange faces; of iron or non-alloy steel; simply hot-rolled; hot-drawn or extruded; of a height >= 80 mm but <= 220 mm,0.038,,1.364,(C),CBAM-BENCHMARKS-2026-02-06,Benchmarks sayfasi,dogrulandi
72163219,Iron & Steel,I sections of iron or non-alloy steel; simply hot-rolled; hot-drawn or extruded; of a height >= 80 mm but <= 220 mm (excl. 7216.32.11),0.038,,1.364,(C),CBAM-BENCHMARKS-2026-02-06,Benchmarks sayfasi,dogrulandi
72163291,Iron & Steel,I sections with parallel flange faces; of iron or non-alloy steel; simply hot-rolled; hot-drawn or extruded; of a height > 220 mm,0.038,,1.364,(C),CBAM-BENCHMARKS-2026-02-06,Benchmarks sayfasi,dogrulandi
72163299,Iron & Steel,I sections of iron or non-alloy steel; simply hot-rolled; hot-drawn or extruded; of a height > 220 mm (excl. 7216.32.91),0.038,,1.364,(C),CBAM-BENCHMARKS-2026-02-06,Benchmarks sayfasi,dogrulandi
72163310,Iron & Steel,H sections of iron or non-alloy steel; simply hot-rolled; hot-drawn or extruded; of a height >= 80 mm but <= 180 mm,0.038,,1.364,(C),CBAM-BENCHMARKS-2026-02-06,Benchmarks sayfasi,dogrulandi
72163390,Iron & Steel,H sections of iron or non-alloy steel; simply hot-rolled; hot-drawn or extruded; of a height > 180 mm,0.038,,1.364,(C),CBAM-BENCHMARKS-2026-02-06,Benchmarks sayfasi,dogrulandi
72164010,Iron & Steel,L sections of iron or non-alloy steel; not further worked than hot-rolled; hot-drawn or extruded; of a height of >= 80 mm,0.038,,1.364,(C),CBAM-BENCHMARKS-2026-02-06,Benchmarks sayfasi,dogrulandi
72164090,Iron & Steel,T sections of iron or non-alloy steel; not further worked than hot-rolled; hot-drawn or extruded; of a height of >= 80 mm,0.038,,1.364,(C),CBAM-BENCHMARKS-2026-02-06,Benchmarks sayfasi,dogrulandi
72165010,Iron & Steel,Sections of iron or non-alloy steel; not further worked than hot-rolled; hot-drawn or hot-extruded; with a cross-section which is capable of being enclosed in a square the side of which is <= 80 mm (excl. U; I; H; L or T sections),0.038,,1.364,(C),CBAM-BENCHMARKS-2026-02-06,Benchmarks sayfasi,dogrulandi
72165091,Iron & Steel,Bulb sections bulb flat; only hot-rolled; hot-drawn or hot-extruded,0.038,,1.364,(C),CBAM-BENCHMARKS-2026-02-06,Benchmarks sayfasi,dogrulandi
72165099,Iron & Steel,Profile of iron or non-alloy steel; only hot-rolled; hot-drawn or hot-extruded (other than with a cross-section which is capable of being enclosed in a square the side of which is <= 80 mm; and U-; I-; H-; L- or T-sections and ribbed sections [ribbed steel]),0.038,,1.364,(C),CBAM-BENCHMARKS-2026-02-06,Benchmarks sayfasi,dogrulandi
72166110,Iron & Steel,c; l; u; z; omega or open-ended sections of iron or non-alloy steel; simply cold-formed or cold-finished; obtained from flat-rolled products,0.038,,1.364,(C),CBAM-BENCHMARKS-2026-02-06,Benchmarks sayfasi,dogrulandi
72166190,Iron & Steel,Angles; shapes and sections (other than c; l; u; z; omega or open-ended sections) of iron or non-alloy steel; simply cold-formed or cold-finished; obtained from flat-rolled products,0.038,,1.364,(C),CBAM-BENCHMARKS-2026-02-06,Benchmarks sayfasi,dogrulandi
72166900,Iron & Steel,Angles; shapes and sections; of iron or non-alloy steel; not further worked than cold-formed or cold-finished (excl. profiled sheet),0.038,,1.364,(C),CBAM-BENCHMARKS-2026-02-06,Benchmarks sayfasi,dogrulandi
72169110,Iron & Steel,Sheets of iron or non-alloy steel; cold-formed or cold finished; profiled ribbed,0.038,,1.364,(C),CBAM-BENCHMARKS-2026-02-06,Benchmarks sayfasi,dogrulandi
72169180,Iron & Steel,Angles; shapes and sections; of iron or non-alloy steel; cold-formed or cold-finished from flat-rolled products and further worked (excl. profiled sheet),0.038,,1.364,(C),CBAM-BENCHMARKS-2026-02-06,Benchmarks sayfasi,dogrulandi
72169900,Iron & Steel,Angles; shapes and sections; of iron or non-alloy steel; cold-formed or cold-finished and further worked; or hot-forged; or hot-formed by other means and further worked; n.e.s. (excl. from flat-rolled products),0.038,,1.364,(C),CBAM-BENCHMARKS-2026-02-06,Benchmarks sayfasi,dogrulandi
72171010,Iron & Steel,Wire of iron or non-alloy steel; in coils; containing by weight < 0;25% carbon; not plated or coated; whether or not polished; with a maximum cross-sectional dimension of < 0;8 mm,0.038,,1.364,(C),CBAM-BENCHMARKS-2026-02-06,Benchmarks sayfasi,dogrulandi
72171031,Iron & Steel,Wire of iron or non-alloy steel; in coils; containing by weight < 0;25% carbon; with indentations; ribs; grooves or other deformations produced during the rolling process; not plated or coated; with a maximum cross-sectional dimension of >= 0;8 mm,0.038,,1.364,(C),CBAM-BENCHMARKS-2026-02-06,Benchmarks sayfasi,dogrulandi
72171039,Iron & Steel,Wire of iron or non-alloy steel; in coils; containing by weight < 0;25% carbon; not plated or coated; with a maximum cross-sectional dimension of >= 0;8 mm (without indentations; ribs; grooves or other deformations produced during the rolling process),0.038,,1.364,(C),CBAM-BENCHMARKS-2026-02-06,Benchmarks sayfasi,dogrulandi
72171050,Iron & Steel,Wire of iron or non-alloy steel; in coils; containing by weight >= 0;25% but < 0;6% carbon; not plated or coated; whether or not polished (excl. hot-rolled bars and rods),0.038,,1.364,(C),CBAM-BENCHMARKS-2026-02-06,Benchmarks sayfasi,dogrulandi
72171090,Iron & Steel,Wire of iron or non-alloy steel; in coils; containing by weight >= 0;6% carbon; not plated or coated; whether or not polished (excl. hot-rolled bars and rods),0.038,,1.364,(C),CBAM-BENCHMARKS-2026-02-06,Benchmarks sayfasi,dogrulandi
72172010,Iron & Steel,Wire of iron or non-alloy steel; in coils; containing by weight < 0;25% carbon; plated or coated with zinc; with a maximum cross-sectional dimension of < 0;8 mm,0.071,,1.397,(C),CBAM-BENCHMARKS-2026-02-06,Benchmarks sayfasi,dogrulandi
72172030,Iron & Steel,Wire of iron or non-alloy steel; in coils; containing by weight < 0;25% carbon; plated or coated with zinc; with a maximum cross-sectional dimension of < 0;8 mm (excl. bars and rods),0.071,,1.397,(C),CBAM-BENCHMARKS-2026-02-06,Benchmarks sayfasi,dogrulandi
72172050,Iron & Steel,Wire of iron or non-alloy steel; in coils; containing by weight >= 0;25% but < 0;6% carbon; plated or coated with zinc (excl. bars and rods),0.071,,1.397,(C),CBAM-BENCHMARKS-2026-02-06,Benchmarks sayfasi,dogrulandi
72172090,Iron & Steel,Wire of iron or non-alloy steel; in coils; containing by weight >= 0;6% carbon; plated or coated with zinc (excl. bars and rods),0.071,,1.397,(C),CBAM-BENCHMARKS-2026-02-06,Benchmarks sayfasi,dogrulandi
72173041,Iron & Steel,Wire of iron or non-alloy steel; in coils; containing by weight < 0;25% carbon; copper-coated (excl. bars and rods),0.071,,1.397,(C),CBAM-BENCHMARKS-2026-02-06,Benchmarks sayfasi,dogrulandi
72173049,Iron & Steel,Wire of iron or non-alloy steel; in coils; containing by weight < 0;25% carbon; plated or coated with base metals (excl. products plated or coated with zinc or copper and bars and rods),0.071,,1.397,(C),CBAM-BENCHMARKS-2026-02-06,Benchmarks sayfasi,dogrulandi
72173050,Iron & Steel,Wire of iron or non-alloy steel; in coils; containing by weight >= 0;25% but < 0;6% carbon; plated or coated with base metals (excl. products plated or coated with zinc; and bars and rods),0.071,,1.397,(C),CBAM-BENCHMARKS-2026-02-06,Benchmarks sayfasi,dogrulandi
72173090,Iron & Steel,Wire of iron or non-alloy steel; in coils; containing by weight >= 0;6% carbon; plated or coated with base metals (excl. products plated or coated with zinc; and bars and rods),0.071,,1.397,(C),CBAM-BENCHMARKS-2026-02-06,Benchmarks sayfasi,dogrulandi
72179020,Iron & Steel,Wire of iron or non-alloy steel; in coils; containing by weight < 0;25% carbon; plated or coated (excl. products plated or coated with base metals and bars and rods),0.071,,1.397,(C),CBAM-BENCHMARKS-2026-02-06,Benchmarks sayfasi,dogrulandi
72179050,Iron & Steel,Wire of iron or non-alloy steel; in coils; containing by weight >= 0;25% but < 0;6% carbon; plated or coated (excl. products plated or coated with with base metals; and bars and rods),0.071,,1.397,(C),CBAM-BENCHMARKS-2026-02-06,Benchmarks sayfasi,dogrulandi
72179090,Iron & Steel,Wire of iron or non-alloy steel; in coils; containing by weight >= 0;6% carbon; plated or coated (excl. products plated or coated with base metals; and bars and rods),0.071,,1.397,(C),CBAM-BENCHMARKS-2026-02-06,Benchmarks sayfasi,dogrulandi
72181000,Iron & Steel,Steel; stainless; in ingots and other primary forms (excl. waste and scrap in ingot form; and products obtained by continuous casting),0.358,,1.419,(1),CBAM-BENCHMARKS-2026-02-06,Benchmarks sayfasi,dogrulandi
72189110,Iron & Steel,Semi-finished products of stainless steel; of rectangular other than square cross-section; containing by weight >= 2;5% nickel,0.128,,1.189,(1),CBAM-BENCHMARKS-2026-02-06,Benchmarks sayfasi,dogrulandi
72189180,Iron & Steel,Semi-finished products of stainless steel; of rectangular other than square cross-section; containing by weight < 2;5 nickel,0.128,,1.189,(1),CBAM-BENCHMARKS-2026-02-06,Benchmarks sayfasi,dogrulandi
72189911,Iron & Steel,Semi-finished products of stainless steel; of square cross-section; rolled or obtained by continuous casting,0.128,,1.189,(1),CBAM-BENCHMARKS-2026-02-06,Benchmarks sayfasi,dogrulandi
72189919,Iron & Steel,Semi-finished products of stainless steel; of square cross-section; forged,0.358,,1.419,(1),CBAM-BENCHMARKS-2026-02-06,Benchmarks sayfasi,dogrulandi
72189920,Iron & Steel,Semi-finished products of stainless steel; of circular cross-section or of cross-section other than square or rectangular; rolled or obtained by continuous casting,0.128,,1.189,(1),CBAM-BENCHMARKS-2026-02-06,Benchmarks sayfasi,dogrulandi
72189980,Iron & Steel,Semi-finished products of stainless steel; forged (excl. products of square or rectangular cross-section),0.358,,1.419,(1),CBAM-BENCHMARKS-2026-02-06,Benchmarks sayfasi,dogrulandi
72191100,Iron & Steel,Flat-rolled products of stainless steel; of a width of >= 600 mm; not further worked than hot-rolled; in coils; of a thickness of > 10 mm,0.073,,1.189,(1),CBAM-BENCHMARKS-2026-02-06,Benchmarks sayfasi,dogrulandi
72191210,Iron & Steel,Flat-rolled products of stainless steel; of a width of >= 600 mm; not further worked than hot-rolled; in coils; of a thickness of >= 4;75 mm but <= 10 mm; containing by weight >= 2;5 nickel,0.073,,1.189,(1),CBAM-BENCHMARKS-2026-02-06,Benchmarks sayfasi,dogrulandi
72191290,Iron & Steel,Flat-rolled products of stainless steel; of a width of >= 600 mm; not further worked than hot-rolled; in coils; of a thickness of >= 4;75 mm but <= 10 mm; containing by weight < 2;5 nickel,0.073,,1.189,(1),CBAM-BENCHMARKS-2026-02-06,Benchmarks sayfasi,dogrulandi
72191310,Iron & Steel,Flat-rolled products of stainless steel; of a width of >= 600 mm; not further worked than hot-rolled; in coils; of a thickness of >= 3 mm but <= 4;75 mm; containing by weight >= 2;5 nickel,0.073,,1.189,(1),CBAM-BENCHMARKS-2026-02-06,Benchmarks sayfasi,dogrulandi
72191390,Iron & Steel,Flat-rolled products of stainless steel; of a width of >= 600 mm; not further worked than hot-rolled; in coils; of a thickness of >= 3 mm but <= 4;75 mm; containing by weight < 2;5 nickel,0.073,,1.189,(1),CBAM-BENCHMARKS-2026-02-06,Benchmarks sayfasi,dogrulandi
72191410,Iron & Steel,Flat-rolled products of stainless steel; of a width of >= 600 mm; not further worked than hot-rolled; in coils; of a thickness of < 3 mm; containing by weight >= 2;5 nickel,0.073,,1.189,(1),CBAM-BENCHMARKS-2026-02-06,Benchmarks sayfasi,dogrulandi
72191490,Iron & Steel,Flat-rolled products of stainless steel; of a width of >= 600 mm; not further worked than hot-rolled; in coils; of a thickness of < 3 mm; containing by weight < 2;5 nickel,0.073,,1.189,(1),CBAM-BENCHMARKS-2026-02-06,Benchmarks sayfasi,dogrulandi
72192110,Iron & Steel,Flat-rolled products of stainless steel; of a width of >= 600 mm; not further worked than hot-rolled; not in coils; of a thickness of > 10 mm; containing by weight >= 2;5 nickel,0.073,,1.189,(1),CBAM-BENCHMARKS-2026-02-06,Benchmarks sayfasi,dogrulandi
72192190,Iron & Steel,Flat-rolled products of stainless steel; of a width of >= 600 mm; not further worked than hot-rolled; not in coils; of a thickness of > 10 mm; containing by weight < 2;5 nickel,0.073,,1.189,(1),CBAM-BENCHMARKS-2026-02-06,Benchmarks sayfasi,dogrulandi
72192210,Iron & Steel,Flat-rolled products of stainless steel; of a width of >= 600 mm; not further worked than hot-rolled; not in coils; of a thickness of >= 4;75 mm but <= 10 mm; containing by weight >= 2;5% nickel,0.073,,1.189,(1),CBAM-BENCHMARKS-2026-02-06,Benchmarks sayfasi,dogrulandi
72192290,Iron & Steel,Flat-rolled products of stainless steel; of a width of >= 600 mm; not further worked than hot-rolled; not in coils; of a thickness of >= 4;75 mm but <= 10 mm; containing by weight < 2;5% nickel,0.073,,1.189,(1),CBAM-BENCHMARKS-2026-02-06,Benchmarks sayfasi,dogrulandi
72192300,Iron & Steel,Flat-rolled products of stainless steel; of a width of >= 600 mm; not further worked than hot-rolled; not in coils; of a thickness of >= 3 mm and < 4;75 mm,0.073,,1.189,(1),CBAM-BENCHMARKS-2026-02-06,Benchmarks sayfasi,dogrulandi
72192400,Iron & Steel,Flat-rolled products of stainless steel; of a width of >= 600 mm; not further worked than hot-rolled; not in coils; of a thickness of < 3 mm,0.073,,1.189,(1),CBAM-BENCHMARKS-2026-02-06,Benchmarks sayfasi,dogrulandi
72193100,Iron & Steel,Flat-rolled products of stainless steel; of a width of >= 600 mm; not further worked than cold-rolled cold-reduced; of a thickness of >= 4;75 mm,0.109,,1.27,(1),CBAM-BENCHMARKS-2026-02-06,Benchmarks sayfasi,dogrulandi
72193210,Iron & Steel,Flat-rolled products of stainless steel; of a width of >= 600 mm; not further worked than cold-rolled cold-reduced; of a thickness of >= 3 mm but <= 4;75 mm; containing by weight >= 2;5% nickel,0.109,,1.27,(1),CBAM-BENCHMARKS-2026-02-06,Benchmarks sayfasi,dogrulandi
72193290,Iron & Steel,Flat-rolled products of stainless steel; of a width of >= 600 mm; not further worked than cold-rolled cold-reduced; of a thickness of >= 3 mm but <= 4;75 mm; containing by weight < 2;5% nickel,0.109,,1.27,(1),CBAM-BENCHMARKS-2026-02-06,Benchmarks sayfasi,dogrulandi
72193310,Iron & Steel,Flat-rolled products of stainless steel; of a width of >= 600 mm; not further worked than cold-rolled cold-reduced; of a thickness of > 1 mm but < 3 mm; containing by weight >= 2;5% nickel,0.109,,1.27,(1),CBAM-BENCHMARKS-2026-02-06,Benchmarks sayfasi,dogrulandi
72193390,Iron & Steel,Flat-rolled products of stainless steel; of a width of >= 600 mm; not further worked than cold-rolled cold-reduced; of a thickness of > 1 mm but < 3 mm; containing by weight < 2;5% nickel,0.109,,1.27,(1),CBAM-BENCHMARKS-2026-02-06,Benchmarks sayfasi,dogrulandi
72193410,Iron & Steel,Flat-rolled products of stainless steel; of a width of >= 600 mm; not further worked than cold-rolled cold-reduced; of a thickness of >= 0;5 mm but <= 1 mm; containing by weight >= 2;5% nickel,0.109,,1.27,(1),CBAM-BENCHMARKS-2026-02-06,Benchmarks sayfasi,dogrulandi
72193490,Iron & Steel,Flat-rolled products of stainless steel; of a width of >= 600 mm; not further worked than cold-rolled cold-reduced; of a thickness of >= 0;5 mm but <= 1 mm; containing by weight < 2;5% nickel,0.109,,1.27,(1),CBAM-BENCHMARKS-2026-02-06,Benchmarks sayfasi,dogrulandi
72193510,Iron & Steel,Flat-rolled products of stainless steel; of a width of >= 600 mm; not further worked than cold-rolled cold-reduced; of a thickness of < 0;5 mm; containing by weight >= 2;5% nickel,0.109,,1.27,(1),CBAM-BENCHMARKS-2026-02-06,Benchmarks sayfasi,dogrulandi
72193590,Iron & Steel,Flat-rolled products of stainless steel; of a width of >= 600 mm; not further worked than cold-rolled cold-reduced; of a thickness of < 0;5 mm; containing by weight < 2;5% nickel,0.109,,1.27,(1),CBAM-BENCHMARKS-2026-02-06,Benchmarks sayfasi,dogrulandi
72199020,Iron & Steel,Flat-rolled products of stainless steel; of a width of >= 600 mm; hot-rolled or cold-rolled cold-reduced and further worked; perforated,0.109,,1.27,(1),CBAM-BENCHMARKS-2026-02-06,Benchmarks sayfasi,dogrulandi
72199080,Iron & Steel,Flat-rolled products of stainless steel; of a width of >= 600 mm; hot-rolled or cold-rolled cold-reduced and further worked; non-perforated,0.109,,1.27,(1),CBAM-BENCHMARKS-2026-02-06,Benchmarks sayfasi,dogrulandi
72201100,Iron & Steel,Flat-rolled products of stainless steel; of a width of < 600 mm; not further worked than hot-rolled; of a thickness of >= 4;75 mm,0.073,,1.189,(1),CBAM-BENCHMARKS-2026-02-06,Benchmarks sayfasi,dogrulandi
72201200,Iron & Steel,Flat-rolled products of stainless steel; of a width of < 600 mm; not further worked than hot-rolled; of a thickness of < 4;75 mm,0.073,,1.189,(1),CBAM-BENCHMARKS-2026-02-06,Benchmarks sayfasi,dogrulandi
72202021,Iron & Steel,Flat-rolled products of stainless steel; of a width of < 600 mm; not further worked than cold-rolled cold-reduced; of a thickness of >= 3 mm and containing by weight >= 2;5% nickel,0.109,,1.27,(1),CBAM-BENCHMARKS-2026-02-06,Benchmarks sayfasi,dogrulandi
72202029,Iron & Steel,Flat-rolled products of stainless steel; of a width of < 600 mm; not further worked than cold-rolled cold-reduced; of a thickness of >= 3 mm and containing by weight < 2;5% nickel,0.109,,1.27,(1),CBAM-BENCHMARKS-2026-02-06,Benchmarks sayfasi,dogrulandi
72202041,Iron & Steel,Flat-rolled products of stainless steel; of a width of < 600 mm; not further worked than cold-rolled cold-reduced; of a thickness of > 0;35 mm but < 3 mm; and containing by weight >= 2;5% nickel,0.109,,1.27,(1),CBAM-BENCHMARKS-2026-02-06,Benchmarks sayfasi,dogrulandi
72202049,Iron & Steel,Flat-rolled products of stainless steel; of a width of < 600 mm; not further worked than cold-rolled cold-reduced; of a thickness of > 0;35 mm but < 3 mm; and containing by weight < 2;5% nickel,0.109,,1.27,(1),CBAM-BENCHMARKS-2026-02-06,Benchmarks sayfasi,dogrulandi
72202081,Iron & Steel,Flat-rolled products of stainless steel; of a width of < 600 mm; not further worked than cold-rolled cold-reduced; of a thickness of <= 0;35 mm and containing by weight >= 2;5% nickel,0.109,,1.27,(1),CBAM-BENCHMARKS-2026-02-06,Benchmarks sayfasi,dogrulandi
72202089,Iron & Steel,Flat-rolled products of stainless steel; of a width of < 600 mm; not further worked than cold-rolled cold-reduced; of a thickness of <= 0;35 mm and containing by weight < 2;5% nickel,0.109,,1.27,(1),CBAM-BENCHMARKS-2026-02-06,Benchmarks sayfasi,dogrulandi
72209020,Iron & Steel,Flat-rolled products of stainless steel; of a width of < 600 mm; hot-rolled or cold-rolled cold-reduced and further worked; perforated,0.109,,1.27,(1),CBAM-BENCHMARKS-2026-02-06,Benchmarks sayfasi,dogrulandi
72209080,Iron & Steel,Flat-rolled products of stainless steel; of a width of < 600 mm; hot-rolled or cold-rolled cold-reduced and further worked; non-perforated,0.109,,1.27,(1),CBAM-BENCHMARKS-2026-02-06,Benchmarks sayfasi,dogrulandi
72210010,Iron & Steel,Bars and rods of stainless steel; hot-rolled; in irregularly wound coils; containing by weight >= 2;5% nickel,0.109,,1.225,(1),CBAM-BENCHMARKS-2026-02-06,Benchmarks sayfasi,dogrulandi
72210090,Iron & Steel,Bars and rods of stainless steel; hot-rolled; in irregularly wound coils; containing by weight < 2;5% nickel,0.109,,1.225,(1),CBAM-BENCHMARKS-2026-02-06,Benchmarks sayfasi,dogrulandi
72221111,Iron & Steel,Bars and rods of stainless steel; not further worked than hot-rolled; hot-drawn or extruded; of circular cross-section of a diameter of >= 800 mm; containing by weight >= 2;5% nickel,0.109,,1.225,(1),CBAM-BENCHMARKS-2026-02-06,Benchmarks sayfasi,dogrulandi
72221119,Iron & Steel,Bars and rods of stainless steel; not further worked than hot-rolled; hot-drawn or extruded; of circular cross-section of a diameter of >= 800 mm; containing by weight < 2;5% nickel,0.109,,1.225,(1),CBAM-BENCHMARKS-2026-02-06,Benchmarks sayfasi,dogrulandi
72221181,Iron & Steel,Bars and rods of stainless steel; not further worked than hot-rolled; hot-drawn or extruded; of circular cross-section measuring < 80 mm and containing by weight >= 2;5% nickel,0.109,,1.225,(1),CBAM-BENCHMARKS-2026-02-06,Benchmarks sayfasi,dogrulandi
72221189,Iron & Steel,Bars and rods of stainless steel; not further worked than hot-rolled; hot-drawn or extruded; of circular cross-section measuring < 80 mm and containing by weight < 2;5% nickel,0.109,,1.225,(1),CBAM-BENCHMARKS-2026-02-06,Benchmarks sayfasi,dogrulandi
72221910,Iron & Steel,Bars and rods of stainless steel; not further worked than hot-rolled; hot-drawn or extruded; containing by weight >= 2;5% nickel (excl. such products of circular cross-section),0.109,,1.225,(1),CBAM-BENCHMARKS-2026-02-06,Benchmarks sayfasi,dogrulandi
72221990,Iron & Steel,Bars and rods of stainless steel; not further worked than hot-rolled; hot-drawn or extruded; containing by weight < 2;5% nickel (excl. such products of circular cross-section),0.109,,1.225,(1),CBAM-BENCHMARKS-2026-02-06,Benchmarks sayfasi,dogrulandi
72222011,Iron & Steel,Bars and rods of stainless steel; of circular cross-section of a diameter >= 80 mm; simply cold-formed or cold-finished; containing by weight >= 2;5% nickel,0.109,,1.225,(1),CBAM-BENCHMARKS-2026-02-06,Benchmarks sayfasi,dogrulandi
72222019,Iron & Steel,Bars and rods of stainless steel; of circular cross-section of a diameter >= 80 mm; simply cold-formed or cold-finished; containing by weight < 2;5% nickel,0.109,,1.225,(1),CBAM-BENCHMARKS-2026-02-06,Benchmarks sayfasi,dogrulandi
72222021,Iron & Steel,Bars and rods of stainless steel; not further worked than cold-formed or cold-finished; of circular cross-section measuring >= 25 mm but < 80 mm and containing by weight >= 2;5% nickel,0.109,,1.225,(1),CBAM-BENCHMARKS-2026-02-06,Benchmarks sayfasi,dogrulandi
72222029,Iron & Steel,Bars and rods of stainless steel; not further worked than cold-formed or cold-finished; of circular cross-section measuring >= 25 mm but < 80 mm and containing by weight < 2;5% nickel,0.109,,1.225,(1),CBAM-BENCHMARKS-2026-02-06,Benchmarks sayfasi,dogrulandi
72222031,Iron & Steel,Bars and rods of stainless steel; not further worked than cold-formed or cold-finished; of circular cross-section measuring < 25 mm and containing by weight >= 2;5% nickel,0.109,,1.225,(1),CBAM-BENCHMARKS-2026-02-06,Benchmarks sayfasi,dogrulandi
72222039,Iron & Steel,Bars and rods of stainless steel; not further worked than cold-formed or cold-finished; of circular cross-section measuring < 25 mm and containing by weight < 2;5% nickel,0.109,,1.225,(1),CBAM-BENCHMARKS-2026-02-06,Benchmarks sayfasi,dogrulandi
72222081,Iron & Steel,Bars and rods of stainless steel; not further worked than cold-formed or cold-finished; containing by weight >= 2;5% nickel (excl. such products of circular cross-section),0.109,,1.225,(1),CBAM-BENCHMARKS-2026-02-06,Benchmarks sayfasi,dogrulandi
72222089,Iron & Steel,Bars and rods of stainless steel; not further worked than cold-formed or cold-finished; containing by weight < 2;5% nickel (excl. such products of circular cross-section),0.109,,1.225,(1),CBAM-BENCHMARKS-2026-02-06,Benchmarks sayfasi,dogrulandi
72223051,Iron & Steel,Other bars and rods of stainless steel; containing by weight >= 2;5% of nickel; forged,0.303,,1.419,(1),CBAM-BENCHMARKS-2026-02-06,Benchmarks sayfasi,dogrulandi
72223091,Iron & Steel,Other bars and rods of stainless steel; containing by weight < 2;5% of nickel; forged,0.303,,1.419,(1),CBAM-BENCHMARKS-2026-02-06,Benchmarks sayfasi,dogrulandi
72223097,Iron & Steel,Bars and rods of stainless steel; cold-formed or cold-finished and further worked; or hot-formed and further worked; n.e.s. (excl. forged products),0.303,,1.419,(1),CBAM-BENCHMARKS-2026-02-06,Benchmarks sayfasi,dogrulandi
72224010,Iron & Steel,Angles; shapes and sections of stainless steel; only hot-rolled; only hot-drawn or only extruded,0.109,,1.225,(1),CBAM-BENCHMARKS-2026-02-06,Benchmarks sayfasi,dogrulandi
72224050,Iron & Steel,Angles; shapes and sections of stainless steel; not further worked than cold-formed or cold-finished,0.109,,1.225,(1),CBAM-BENCHMARKS-2026-02-06,Benchmarks sayfasi,dogrulandi
72224090,Iron & Steel,Angles; shapes and sections of stainless steel; cold-formed or cold-finished and further worked; or not further worked than forged; or forged; or hot-formed by other means and further worked; n.e.s.,0.109,,1.225,(1),CBAM-BENCHMARKS-2026-02-06,Benchmarks sayfasi,dogrulandi
72230011,Iron & Steel,Wire of stainless steel; in coils; containing by weight 28% to 31% nickel and 20% to 22% chromium (excl. bars and rods),0.109,,1.225,(1),CBAM-BENCHMARKS-2026-02-06,Benchmarks sayfasi,dogrulandi
72230019,Iron & Steel,Wire of stainless steel; in coils; containing by weight >= 2;5% nickel (excl. such products containing 28% to 31% nickel and 20% to 22% chromium; and bars and rods),0.109,,1.225,(1),CBAM-BENCHMARKS-2026-02-06,Benchmarks sayfasi,dogrulandi
72230091,Iron & Steel,Wire of stainless steel; in coils; containing by weight < 2;5% nickel; 13% to 25% chromium and 3;5% to 6% aluminium (excl. bars and rods),0.109,,1.225,(1),CBAM-BENCHMARKS-2026-02-06,Benchmarks sayfasi,dogrulandi
72230099,Iron & Steel,Wire of stainless steel; in coils; containing by weight < 2;5% nickel (excl. such products containing 13% to 25% chromium and 3;5% to 6% aluminium; and bars and rods),0.109,,1.225,(1),CBAM-BENCHMARKS-2026-02-06,Benchmarks sayfasi,dogrulandi
72241010,Iron & Steel,Ingots and other primary forms; of tool steel,0.453,(F),1.807,(F)(1),CBAM-BENCHMARKS-2026-02-06,Benchmarks sayfasi,dogrulandi
72241090,Iron & Steel,Steel; alloy; other than stainless; in ingots or other primary forms (excl. of tool steel; waste and scrap in ingot form and products obtained by continuous casting),0.453,(F),1.807,(F)(1),CBAM-BENCHMARKS-2026-02-06,Benchmarks sayfasi,dogrulandi
72249002,Iron & Steel,Semi-finished products of tool steel,0.223,(F),1.577,(F)(1),CBAM-BENCHMARKS-2026-02-06,Benchmarks sayfasi,dogrulandi
72249003,Iron & Steel,Semi-finished products of high-speed steel; of square or rectangular cross-section; hot-rolled or obtained by continuous casting the width measuring < twice the thickness,0.223,(F),1.577,(F)(1),CBAM-BENCHMARKS-2026-02-06,Benchmarks sayfasi,dogrulandi
72249005,Iron & Steel,Semi-finished products of steel containing by weight <= 0;7% of carbon; 0;5% to 1;2% of manganese; 0;6% to 2;3% of silicon; or of steel containing by weight >= 0;0008% of boron with any other element < the minimum content referred to in Note 1 f to chapter 72; of square or rectangular cross-section; hot rolled or obtained by continuous casting; the width measuring < twice the thickness,0.223,(F),1.577,(F)(1),CBAM-BENCHMARKS-2026-02-06,Benchmarks sayfasi,dogrulandi
72249007,Iron & Steel,Semi-finished products of alloy steel other than stainless steel; of square or rectangular cross-section; hot-rolled or obtained by continuous casting; the width measuring < twice the thickness (excl. of tool steel; high-speed steel and articles of subheading 7224.90.05),0.223,(F),1.577,(F)(1),CBAM-BENCHMARKS-2026-02-06,Benchmarks sayfasi,dogrulandi
72249014,Iron & Steel,Semi-finished products of alloy steel other than stainless steel; of square or rectangular cross-section; hot-rolled or obtained by continuous casting; the width measuring >= twice the thickness (excl. of tool steel),0.223,(F),1.577,(F)(1),CBAM-BENCHMARKS-2026-02-06,Benchmarks sayfasi,dogrulandi
72249018,Iron & Steel,Semi-finished products of alloy steel other than stainless steel; of square or rectangular cross-section; forged (excl. of tool steel),0.453,(F),1.807,(F)(1),CBAM-BENCHMARKS-2026-02-06,Benchmarks sayfasi,dogrulandi
72249031,Iron & Steel,Semi-finished products of steel containing by weight 0;9% to 1;15% carbon; 0;5% to 2% of chromium and; if present; <= 0;5% of molybdenum; cut into shapes other than square or rectangular; hot-rolled or obtained by continuous casting,0.223,(F),1.577,(F)(1),CBAM-BENCHMARKS-2026-02-06,Benchmarks sayfasi,dogrulandi
72249038,Iron & Steel,Semi-finished products of alloy steel; other than stainless steel; cut into shapes other than square or rectangular; hot-rolled or obtained by continuous casting (excl. of tool steel and products containing by weight 0;9% to 1;15% of carbon; 0;5% to 2% of chromium and; if present; <= 0;5% of molybdenum),0.223,(F),1.577,(F)(1),CBAM-BENCHMARKS-2026-02-06,Benchmarks sayfasi,dogrulandi
72249090,Iron & Steel,Semi-finished products of alloy steel; other than stainless steel; forged (excl. of tool steel and products of square or rectangular; circular or polygamol cross-section),0.453,(F),1.807,(F)(1),CBAM-BENCHMARKS-2026-02-06,Benchmarks sayfasi,dogrulandi
72251100,Iron & Steel,Flat-rolled products of silicon-electrical steel; of a width of >= 600 mm; grain-oriented,0.073,,1.779,(C),CBAM-BENCHMARKS-2026-02-06,Benchmarks sayfasi,dogrulandi
72251910,Iron & Steel,Flat-rolled products of silicon-electrical steel; of a width of >= 600 mm; hot-rolled,0.073,,1.399,(C),CBAM-BENCHMARKS-2026-02-06,Benchmarks sayfasi,dogrulandi
72251990,Iron & Steel,Flat-rolled products of silicon-electrical steel; of a width of >= 600 mm; cold-rolled cold-reduced; non-grain-oriented,0.109,,1.488,(C),CBAM-BENCHMARKS-2026-02-06,Benchmarks sayfasi,dogrulandi
72253010,Iron & Steel,Flat-rolled products of tool steel; of a width of >= 600 mm; not further worked than hot-rolled; in coils,0.073,,1.577,(F)(1),CBAM-BENCHMARKS-2026-02-06,Benchmarks sayfasi,dogrulandi
72253030,Iron & Steel,Flat-rolled products of high-speed steel; of a width of >= 600 mm; not further worked than hot-rolled; in coils,0.073,,1.577,(F)(1),CBAM-BENCHMARKS-2026-02-06,Benchmarks sayfasi,dogrulandi
72253090,Iron & Steel,Flat-rolled products of alloy steel other than stainless; of a width of >= 600 mm; not further worked than hot-rolled; in coils (excl. products of tool steel; high-speed steel or silicon-electrical steel),0.073,,1.577,(F)(1),CBAM-BENCHMARKS-2026-02-06,Benchmarks sayfasi,dogrulandi
72254012,Iron & Steel,Flat-rolled products of tool steel; of a width of >= 600 mm; not further worked than hot-rolled; not in coils,0.073,,1.577,(F)(1),CBAM-BENCHMARKS-2026-02-06,Benchmarks sayfasi,dogrulandi
72254015,Iron & Steel,Flat-rolled products of high-speed steel; of a width of >= 600 mm; not further worked than hot-rolled; not in coils,0.073,,1.577,(F)(1),CBAM-BENCHMARKS-2026-02-06,Benchmarks sayfasi,dogrulandi
72254040,Iron & Steel,Flat-rolled products of alloy steel other than stainless; of a width of >= 600 mm; not further worked than hot-rolled; not in coils; of a thickness of > 10 mm (excl. products of tool steel; high-speed steel or silicon-electrical steel),0.073,,1.577,(F)(1),CBAM-BENCHMARKS-2026-02-06,Benchmarks sayfasi,dogrulandi
72254060,Iron & Steel,Flat-rolled products of alloy steel other than stainless; of a width of >= 600 mm; not further worked than hot-rolled; not in coils; of a thickness of >= 4;75 mm but <= 10 mm (excl. products of tool steel; high-speed steel or silicon-electrical steel),0.073,,1.577,(F)(1),CBAM-BENCHMARKS-2026-02-06,Benchmarks sayfasi,dogrulandi
72254090,Iron & Steel,Flat-rolled products of alloy steel other than stainless; of a width of >= 600 mm; not further worked than hot-rolled; not in coils; of a thickness of < 4;75 mm (excl. products of tool steel; high-speed steel or silicon-electrical steel),0.073,,1.577,(F)(1),CBAM-BENCHMARKS-2026-02-06,Benchmarks sayfasi,dogrulandi
72255020,Iron & Steel,Flat-rolled products of high-speed steel; of a width of >= 600 mm; not further worked than cold-rolled cold-reduced,0.109,,1.673,(F)(1),CBAM-BENCHMARKS-2026-02-06,Benchmarks sayfasi,dogrulandi
72255080,Iron & Steel,Flat-rolled products of alloy steel other than stainless; of a width of >= 600 mm; not further worked than cold-rolled cold-reduced (excl. products of high-speed steel or silicon-electrical steel),0.109,,1.673,(F)(1),CBAM-BENCHMARKS-2026-02-06,Benchmarks sayfasi,dogrulandi
72259100,Iron & Steel,Flat-rolled products of alloy steel other than stainless; of a width of >= 600 mm; hot-rolled or cold-rolled cold-reduced and electrolytically plated or coated with zinc (excl. products of silicon-electrical steel),0.142,,1.706,(F)(1),CBAM-BENCHMARKS-2026-02-06,Benchmarks sayfasi,dogrulandi
72259200,Iron & Steel,Flat-rolled products of alloy steel other than stainless; of a width of >= 600 mm; hot-rolled or cold-rolled cold-reduced and plated or coated with zinc (excl. electrolytically plated or coated and products of silicon-electrical steel),0.142,,1.706,(F)(1),CBAM-BENCHMARKS-2026-02-06,Benchmarks sayfasi,dogrulandi
72259900,Iron & Steel,Flat-rolled products of alloy steel other than stainless; of a width of >= 600 mm; hot-rolled or cold-rolled cold-reduced and further worked (excl. plated or coated with zinc and products of silicon-electrical steel),0.142,,1.706,(F)(1),CBAM-BENCHMARKS-2026-02-06,Benchmarks sayfasi,dogrulandi
72261100,Iron & Steel,Flat-rolled products of silicon-electrical steel; of a width of < 600 mm; hot-rolled or cold-rolled cold-reduced; grain-oriented,0.073,,1.779,(C),CBAM-BENCHMARKS-2026-02-06,Benchmarks sayfasi,dogrulandi
72261910,Iron & Steel,Flat-rolled products of silicon-electrical steel; of a width of < 600 mm; not further worked than hot-rolled,0.073,,1.399,(C),CBAM-BENCHMARKS-2026-02-06,Benchmarks sayfasi,dogrulandi
72261980,Iron & Steel,Flat-rolled products of silicon-electrical steel; of a width of < 600 mm; cold-rolled cold-reduced; whether or not further worked; or hot-rolled and further worked; non-grain-oriented,0.109,,1.488,(C),CBAM-BENCHMARKS-2026-02-06,Benchmarks sayfasi,dogrulandi
72262000,Iron & Steel,Flat-rolled products of high-speed steel; of a width of <= 600 mm; hot-rolled or cold-rolled cold-reduced,0.073,,1.577,(F)(1),CBAM-BENCHMARKS-2026-02-06,Benchmarks sayfasi,dogrulandi
72269120,Iron & Steel,Flat-rolled products of tool steel; of a width of < 600 mm; simply hot-rolled,0.073,,1.577,(F)(1),CBAM-BENCHMARKS-2026-02-06,Benchmarks sayfasi,dogrulandi
72269191,Iron & Steel,Flat-rolled products of alloy steel other than stainless steel; simply hot-rolled; of a thickness of >= 4;75 mm; of a width of < 600 mm (excl. of tool steel; silicon-electrical steel or high speed steel),0.073,,1.577,(F)(1),CBAM-BENCHMARKS-2026-02-06,Benchmarks sayfasi,dogrulandi
72269199,Iron & Steel,Flat-rolled products of alloy steel other than stainless steel; simply hot-rolled; of a thickness of < 4;75 mm; of a width of < 600 mm (excl. of tool steel; silicon-electrical steel or high speed steel),0.073,,1.577,(F)(1),CBAM-BENCHMARKS-2026-02-06,Benchmarks sayfasi,dogrulandi
72269200,Iron & Steel,Flat-rolled products of alloy steel other than stainless; of a width of < 600 mm; not further worked than cold-rolled cold-reduced (excl. products of high-speed steel or silicon-electrical steel),0.109,,1.673,(F)(1),CBAM-BENCHMARKS-2026-02-06,Benchmarks sayfasi,dogrulandi
72269910,Iron & Steel,Flat-rolled products of alloy steel other than stainless; of a width of < 600 mm; hot-rolled or cold-rolled cold-reduced and electrolytically plated or coated with zinc (excl. products of high-speed steel or silicon-electrical steel),0.142,,1.706,(F)(1),CBAM-BENCHMARKS-2026-02-06,Benchmarks sayfasi,dogrulandi
72269930,Iron & Steel,Flat-rolled products of alloy steel other than stainless; of a width of < 600 mm; hot-rolled or cold-rolled cold-reduced and plated or coated with zinc (excl. electrolytically plated or coated; and products of high-speed steel or silicon-electrical steel),0.142,,1.706,(F)(1),CBAM-BENCHMARKS-2026-02-06,Benchmarks sayfasi,dogrulandi
72269970,Iron & Steel,Flat-rolled products of alloy steel other than stainless; of a width of < 600 mm; hot-rolled or cold-rolled cold-reduced and further worked (excl. plated or coated with zinc; and products of high-speed steel or silicon-electrical steel),0.142,,1.706,(F)(1),CBAM-BENCHMARKS-2026-02-06,Benchmarks sayfasi,dogrulandi
72271000,Iron & Steel,Bars and rods of high-speed steel; hot-rolled; in irregularly wound coils,0.109,,1.613,(F)(1),CBAM-BENCHMARKS-2026-02-06,Benchmarks sayfasi,dogrulandi
72272000,Iron & Steel,Bars and rods of silico-manganese steel; hot-rolled; in irregularly wound coils,0.109,,1.613,(F)(1),CBAM-BENCHMARKS-2026-02-06,Benchmarks sayfasi,dogrulandi
72279010,Iron & Steel,Bars and rods; hot-rolled; of steel containing by weight >= 0;0008% of boron with any other element < the minimum content referred to in Note 1 f to this chapter; in irregularly wound coils,0.109,,1.435,(C),CBAM-BENCHMARKS-2026-02-06,Benchmarks sayfasi,dogrulandi
72279050,Iron & Steel,Bars and rods; hot-rolled; of steel containing by weight 0;9% to 1;15% carbon; 0;5% to 2% of chromium and; if present; <= 0;5 of molybdenum; in irregularly wound coils,0.109,,1.435,(C),CBAM-BENCHMARKS-2026-02-06,Benchmarks sayfasi,dogrulandi
72279095,Iron & Steel,Bars and rods; hot-rolled; in irregularly wound coils of alloy steel other than stainless (excl. of high-speed steel or silico-manganese steel and bars and rods of subheadings 7227.90.10 and 7227.90.50),0.109,,1.613,(F)(1),CBAM-BENCHMARKS-2026-02-06,Benchmarks sayfasi,dogrulandi
72281020,Iron & Steel,Bars and rods of high-speed steel; not further worked than hot-rolled; hot-drawn or extruded; and hot-rolled; hot-drawn or extruded; not further worked than clad (excl. semi-finished products; flat-rolled products and hot-rolled bars and rods in irregularly wound coils),0.109,,1.613,(F)(1),CBAM-BENCHMARKS-2026-02-06,Benchmarks sayfasi,dogrulandi
72281050,Iron & Steel,Bars and rods of high-speed steel; forged (excl. semi-finished products; flat-rolled products and hot-rolled bars and rods in irregularly wound coils),0.303,,1.807,(F)(1),CBAM-BENCHMARKS-2026-02-06,Benchmarks sayfasi,dogrulandi
72281090,Iron & Steel,Bars and rods of high-speed steel; not further worked than cold-formed or cold-finished; whether or not further worked; or hot-formed and further worked (excl. forged products; semi-finished products; flat-rolled products and hot-rolled bars and rods in irregularly wound coils),0.109,,1.613,(F)(1),CBAM-BENCHMARKS-2026-02-06,Benchmarks sayfasi,dogrulandi
72282010,Iron & Steel,Bars and rods of silico-manganese steel; of rectangular other than square cross-section; hot-rolled on four faces (excl. semi-finished products; flat-rolled products and hot-rolled bars and rods in irregularly wound coils),0.109,,1.613,(F)(1),CBAM-BENCHMARKS-2026-02-06,Benchmarks sayfasi,dogrulandi
72282091,Iron & Steel,Bars and rods of silico-manganese steel; of square or other than rectangular cross-section; not further worked than hot-rolled; hot-drawn or extruded; and hot-rolled; hot-drawn or extruded; not further worked than clad (excl. semi-finished products; flat-rolled products and hot-rolled bars and rods in irregularly wound coils),0.109,,1.613,(F)(1),CBAM-BENCHMARKS-2026-02-06,Benchmarks sayfasi,dogrulandi
72282099,Iron & Steel,Bars and rods of silico-manganese stee; of square or other than rectangular cross-section; only cold-formed or cold-finished; incl. further worked; or hot-rolled and further worked (excl. hot-rolled; hot drawn or extruded; not further worked than clad; semi-finished products; flat-rolled products and hot-rolled bars and rods in irregularly wound coils),0.109,,1.613,(F)(1),CBAM-BENCHMARKS-2026-02-06,Benchmarks sayfasi,dogrulandi
72283020,Iron & Steel,Bars and rods of tool steel; only hot-rolled; only hot-drawn or only extruded (excl. semi-finished products; flat-rolled products and hot-rolled bars and rods in irregularly wound coils),0.109,,1.613,(F)(1),CBAM-BENCHMARKS-2026-02-06,Benchmarks sayfasi,dogrulandi
72283041,Iron & Steel,Bars and rods of steel containing by weight 0;9 to 1;15% of carbon and 0;5 to 2% of chromium; and; if present; <= 0;5% of molybdenum; only hot-rolled; hot-drawn or hot-extruded; of a circular cross-section of a diameter of >= 80 mm (excl. semi-finished products; flat-rolled products and hot-rolled bars and rods in irregularly wound coils),0.109,,1.435,(C),CBAM-BENCHMARKS-2026-02-06,Benchmarks sayfasi,dogrulandi
72283049,Iron & Steel,Bars and rods of steel containing by weight 0;9 to 1;15% of carbon and 0;5 to 2% of chromium; and; if present; <= 0;5% of molybdenum; only hot-rolled; only hot-drawn or hot-extruded (other than of circular cross-section; of a diameter of >= 80 mm and excl. semi-finished products; flat-rolled products and hot-rolled bars and rods in irregularly wound coils),0.109,,1.435,(C),CBAM-BENCHMARKS-2026-02-06,Benchmarks sayfasi,dogrulandi
72283061,Iron & Steel,Bars and rods of alloy steel other than stainless steel; only hot-rolled; hot-drawn or hot-extruded; of circular cross-section; of a diameter of >= 80 mm (other than of high-speed steel; silico-manganese steel; tool steel; articles of subheading 7228.30.41 and excl. semi-finished products; flat-rolled products and hot-rolled bars and rods in irregularly wound coils),0.109,,1.613,(F)(1),CBAM-BENCHMARKS-2026-02-06,Benchmarks sayfasi,dogrulandi
72283069,Iron & Steel,Bars and rods or alloy steel other than stainless steel; only hot-rolled; hot-drawn or hot-extruded; of circular cross-section; of a diameter of < 80 mm (other than of high-speed steel; silico-manganese steel; tool steel and articles of subheading 7228.30.49 and excl. semi-finished products; flat-rolled products and hot-rolled bars and rods in irregularly wound coils),0.109,,1.613,(F)(1),CBAM-BENCHMARKS-2026-02-06,Benchmarks sayfasi,dogrulandi
72283070,Iron & Steel,Bars and rods of alloy steel other than stainless steel; of rectangular other than square cross-section; hot-rolled on four faces (other than of high-speed steel; silico-manganese steel; tool steel; articles of subheading 7228.30.41 and 7228.30.49 and excl. semi-finished products; flat-rolled products and hot-rolled bars and rods in irregularly wound coils),0.109,,1.613,(F)(1),CBAM-BENCHMARKS-2026-02-06,Benchmarks sayfasi,dogrulandi
72283089,Iron & Steel,Bars and rods of alloy steel other than stainless steel; only hot-rolled; hot-drawn or hot-extruded; of other than rectangular [other than square] cross-section; rolled on four faces; or of circular cross-section (other than of high-speed steel; silico-manganese steel; tool steel; articles of subheading 7228.30.49 and excl. semi-finished products; flat-rolled products and hot-rolled bars and rods in irregularly wound coils),0.109,,1.613,(F)(1),CBAM-BENCHMARKS-2026-02-06,Benchmarks sayfasi,dogrulandi
72284010,Iron & Steel,Bars and rods of tool steel; only forged (excl. semi-finished products; flat-rolled products and hot-rolled bars and rods in irregularly wound coils),0.303,,1.807,(F)(1),CBAM-BENCHMARKS-2026-02-06,Benchmarks sayfasi,dogrulandi
72284090,Iron & Steel,Bars and rods of alloy steel; other than stainless steel; only forged (excl. of high-speed steel; silico-manganese steel; tool steel; semi-finished products; flat-rolled products and hot-rolled bars and rods in irregularly wound coils),0.303,,1.807,(F)(1),CBAM-BENCHMARKS-2026-02-06,Benchmarks sayfasi,dogrulandi
72285020,Iron & Steel,Bars and rods of tool steel; only cold-formed or cold-finished (excl. semi-finished products; flat-rolled products and hot-rolled bars and rods in irregularly wound coils),0.109,,1.613,(F)(1),CBAM-BENCHMARKS-2026-02-06,Benchmarks sayfasi,dogrulandi
72285040,Iron & Steel,Bars and rods of steel containing 0;9% to 1;15% of carbon; 0;5% to 2% of chromium and; if present <= 0;5% of molybdenum; only cold-formed or cold-finished (excl. semi-finished products; flat-rolled products and hot-rolled bars and rods in irregularly wound coils),0.109,,1.435,(C),CBAM-BENCHMARKS-2026-02-06,Benchmarks sayfasi,dogrulandi
72285061,Iron & Steel,Bars and rods of alloy steel; other than stainless steel; not further worked than cold-formed or cold-finished; of circular cross-section; of a diameter of >= 80 mm (excl. of high-speed steel; silico-manganese steel; tool steel; articles of subheading 7228.50.40; semi-finished products; flat-rolled products and hot-rolled bars and rods in irregularly wound coils),0.109,,1.613,(F)(1),CBAM-BENCHMARKS-2026-02-06,Benchmarks sayfasi,dogrulandi
72285069,Iron & Steel,Bars and rods of alloy steel; other than stainless steel; not further worked than cold-formed or cold-finished; of circular cross-section; of a diameter of < 80 mm (excl. of high-speed steel; silico-manganese steel; tool steel; articles of subheading 7228.50.40; semi-finished products; flat-rolled products and hot-rolled bars and rods in irregularly wound coils),0.109,,1.613,(F)(1),CBAM-BENCHMARKS-2026-02-06,Benchmarks sayfasi,dogrulandi
72285080,Iron & Steel,Bars and rods of alloy steel; other than stainless steel; not further worked than cold-formed or cold-finished (excl. of circular cross-section and products of high-speed steel; silico-manganese steel; tool steel; articles of subheading 7228.50.40; semi-finished products; flat-rolled products and hot-rolled bars and rods in irregularly wound coils),0.109,,1.613,(F)(1),CBAM-BENCHMARKS-2026-02-06,Benchmarks sayfasi,dogrulandi
72286020,Iron & Steel,Bars and rods of tool steel; cold-formed or cold-finished and further worked or hot-formed and further worked (excl. semi-finished products; flat-rolled products and hot-rolled bars and rods in irregularly wound coils),0.109,,1.613,(F)(1),CBAM-BENCHMARKS-2026-02-06,Benchmarks sayfasi,dogrulandi
72286080,Iron & Steel,Bars and rods of alloy steel; other than stainless steel; cold-formed or cold-finished and further worked or hot-formed and further worked (excl. bars and rods of high-speed steel; silico-manganese steel or tool steel; semi-finished products; flat-rolled products and hot-rolled bars and rods in irregularly wound coils),0.109,,1.613,(F)(1),CBAM-BENCHMARKS-2026-02-06,Benchmarks sayfasi,dogrulandi
72287010,Iron & Steel,Angles; shapes and sections of alloy steel other than stainless; not further worked than hot-rolled; hot-drawn or extruded,0.109,,1.613,(F)(1),CBAM-BENCHMARKS-2026-02-06,Benchmarks sayfasi,dogrulandi
72287090,Iron & Steel,Angles; shapes and sections of alloy steel other than stainless; n.e.s. (excl. products not further worked than hot-rolled; hot-drawn or extruded),0.109,,1.613,(F)(1),CBAM-BENCHMARKS-2026-02-06,Benchmarks sayfasi,dogrulandi
72288000,Iron & Steel,Hollow drill bars and rods; of alloy or non-alloy steel,0.109,,1.613,(F)(1),CBAM-BENCHMARKS-2026-02-06,Benchmarks sayfasi,dogrulandi
72292000,Iron & Steel,Wire of silico-manganese steel; in coils (excl. bars and rods),0.109,,1.613,(F)(1),CBAM-BENCHMARKS-2026-02-06,Benchmarks sayfasi,dogrulandi
72299020,Iron & Steel,Wire of high-speed steel; in coils (excl. bars and rods),0.109,,1.613,(F)(1),CBAM-BENCHMARKS-2026-02-06,Benchmarks sayfasi,dogrulandi
72299050,Iron & Steel,Wire of steel containing by weight 0;9% to 1;1% of carbon; 0;5% to 2% of chromium and; if present; <= 0;5% of molybdenum; in coils (excl. rolled bars and rods),0.109,,1.435,(C),CBAM-BENCHMARKS-2026-02-06,Benchmarks sayfasi,dogrulandi
72299090,Iron & Steel,Wire of alloy steel other than stainless; in coils (excl. rolled bars and rods; wire of high-speed steel or silico-manganese steel and articles of subheading 7229.90.50),0.109,,1.613,(F)(1),CBAM-BENCHMARKS-2026-02-06,Benchmarks sayfasi,dogrulandi
73011000,Iron & Steel,Sheet piling of iron or steel; whether or not drilled; punched or made from assembled elements,0.079,,1.458,(C),CBAM-BENCHMARKS-2026-02-06,Benchmarks sayfasi,dogrulandi
73012000,Iron & Steel,Angles; shapes and sections; of iron or steel; welded,0.079,,1.458,(C),CBAM-BENCHMARKS-2026-02-06,Benchmarks sayfasi,dogrulandi
73021010,Iron & Steel,Current-conducting rails of iron or steel; with parts of non-ferrous metal; for railway or tramway track (excl. check-rails),0.057,,1.383,(C),CBAM-BENCHMARKS-2026-02-06,Benchmarks sayfasi,dogrulandi
73021022,Iron & Steel,Vignole rails of iron or steel; for railway or tramway track; new; of a weight of >= 36 kg/m,0.057,,1.383,(C),CBAM-BENCHMARKS-2026-02-06,Benchmarks sayfasi,dogrulandi
73021028,Iron & Steel,Vignole rails of iron or steel; for railway or tramway track; new; of a weight of < 36 kg/m,0.057,,1.383,(C),CBAM-BENCHMARKS-2026-02-06,Benchmarks sayfasi,dogrulandi
73021040,Iron & Steel,Grooved rails of iron or steel; for railway or tramway track; new,0.057,,1.383,(C),CBAM-BENCHMARKS-2026-02-06,Benchmarks sayfasi,dogrulandi
73021050,Iron & Steel,Rails of iron or steel; for railway or tramway track; new (excl. vignole rails; grooved rails; and current-conducting rails with parts of non-ferrous metal),0.057,,1.383,(C),CBAM-BENCHMARKS-2026-02-06,Benchmarks sayfasi,dogrulandi
73021090,Iron & Steel,Rails of iron or steel; for railway or tramway track; used (excl. current-conducting rails with parts of non-ferrous metal),0.057,,1.383,(C),CBAM-BENCHMARKS-2026-02-06,Benchmarks sayfasi,dogrulandi
73023000,Iron & Steel,Switch blades; crossing frogs; point rods and other crossing pieces; for railway or tramway track; of iron or steel,0.057,,1.383,(C),CBAM-BENCHMARKS-2026-02-06,Benchmarks sayfasi,dogrulandi
73024000,Iron & Steel,Fish-plates and sole plates of iron or steel; for railways or tramways,0.057,,1.383,(C),CBAM-BENCHMARKS-2026-02-06,Benchmarks sayfasi,dogrulandi
73029000,Iron & Steel,Sleepers cross-ties; check-rails; rack rails; chairs; chair wedges; rail clips; bedplates and ties and other specialised material for the jointing or fixing of railway or tramway track; of iron or steel (excl. rails; switch blades; crossing frogs; point rods and other crossing pieces; and fish-plates and sole plates),0.057,,1.383,(C),CBAM-BENCHMARKS-2026-02-06,Benchmarks sayfasi,dogrulandi
73030010,Iron & Steel,Tubes and pipes of a kind used in pressure systems; of cast iron,0.163,,1.484,,CBAM-BENCHMARKS-2026-02-06,Benchmarks sayfasi,dogrulandi
73030090,Iron & Steel,Tubes; pipes and hollow profiles; of cast iron (excl. products of a kind used in pressure systems),0.163,,1.484,,CBAM-BENCHMARKS-2026-02-06,Benchmarks sayfasi,dogrulandi
73041100,Iron & Steel,Line pipe of a kind used for oil or gas pipelines; seamless; of stainless steel,0.057,,1.173,(1),CBAM-BENCHMARKS-2026-02-06,Benchmarks sayfasi,dogrulandi
73041910,Iron & Steel,Line pipe of a kind used for oil or gas pipelines; seamless; of iron or steel; of an external diameter of <= 168;3 mm (excl. products of stainless steel or of cast iron),0.057,,1.383,(C),CBAM-BENCHMARKS-2026-02-06,Benchmarks sayfasi,dogrulandi
73041930,Iron & Steel,Line pipe of a kind used for oil or gas pipelines; seamless; of iron or steel; of an external diameter of > 168;3 mm but <= 406;4 mm (excl. products of stainless steel or of cast iron),0.057,,1.383,(C),CBAM-BENCHMARKS-2026-02-06,Benchmarks sayfasi,dogrulandi
73041990,Iron & Steel,Line pipe of a kind used for oil or gas pipelines; seamless; of iron or steel; of an external diameter of > 406;4 mm (excl. products of stainless steel or of cast iron),0.057,,1.383,(C),CBAM-BENCHMARKS-2026-02-06,Benchmarks sayfasi,dogrulandi
73042200,Iron & Steel,Drill pipe; seamless; of stainless steel; of a kind used in drilling for oil or gas,0.057,,1.173,(1),CBAM-BENCHMARKS-2026-02-06,Benchmarks sayfasi,dogrulandi
73042300,Iron & Steel,Drill pipe; seamless; of a kind used in drilling for oil or gas; of iron or steel (excl. products of stainless steel or of cast iron),0.057,,1.383,(C),CBAM-BENCHMARKS-2026-02-06,Benchmarks sayfasi,dogrulandi
73042400,Iron & Steel,Casing and tubing; seamless; of a kind used for drilling for oil or gas; of stainless steel,0.057,,1.173,(1),CBAM-BENCHMARKS-2026-02-06,Benchmarks sayfasi,dogrulandi
73042910,Iron & Steel,Casing and tubing of a kind used for drilling for oil or gas; seamless; of iron or steel; of an external diameter <= 168;3 mm (excl. products of cast iron),0.057,,1.383,(C),CBAM-BENCHMARKS-2026-02-06,Benchmarks sayfasi,dogrulandi
73042930,Iron & Steel,Casing and tubing of a kind used for drilling for oil or gas; seamless; of iron or steel; of an external diameter > 168;3 mm; but <= 406;4 mm (excl. products of cast iron),0.057,,1.383,(C),CBAM-BENCHMARKS-2026-02-06,Benchmarks sayfasi,dogrulandi
73042990,Iron & Steel,Casing and tubing of a kind used for drilling for oil or gas; seamless; of iron or steel; of an external diameter > 406;4 mm (excl. products of cast iron),0.057,,1.383,(C),CBAM-BENCHMARKS-2026-02-06,Benchmarks sayfasi,dogrulandi
73043120,Iron & Steel,Precision tubes; seamless; of circular cross-section; of iron or non-alloy steel; cold-drawn or cold-rolled cold-reduced (excl. line pipe of a kind used for oil or gas pipelines or casing and tubing of a kind used for drilling for oil or gas),0.057,,1.383,(C),CBAM-BENCHMARKS-2026-02-06,Benchmarks sayfasi,dogrulandi
73043180,Iron & Steel,Tubes; pipes and hollow profiles; seamless; of circular cross-section; of iron or non-alloy steel; cold-drawn or cold-rolled cold-reduced (excl. cast iron products; line pipe of a kind used for oil or gas pipelines; casing and tubing of a kind used for drilling for oil or gas and precision tubes),0.057,,1.383,(C),CBAM-BENCHMARKS-2026-02-06,Benchmarks sayfasi,dogrulandi
73043950,Iron & Steel,Threaded or threadable tubes gas pipe; seamless; of iron or non-alloy steel (excl. of cast iron),0.057,,1.383,(C),CBAM-BENCHMARKS-2026-02-06,Benchmarks sayfasi,dogrulandi
73043982,Iron & Steel,Tubes; pipes and hollow profiles; seamless; of circular cross-section; of iron or non-alloy steel; of an external diameter of <= 168;3 mm (excl. cold-drawn or cold-rolled; of cast iron; line pipe of a kind used for oil or gas pipelines; casing; tubing and drill pipe of a kind used in drilling for oil or gas and tubes; and gas pipes of subheading 7304 39 50),0.057,,1.383,(C),CBAM-BENCHMARKS-2026-02-06,Benchmarks sayfasi,dogrulandi
73043983,Iron & Steel,Tubes; pipes and hollow profiles; seamless; of circular cross-section; of iron or non-alloy steel; of an external diameter of > 168;3 mm but <= 406;4 mm (excl. cold-drawn or cold-rolled; of cast iron; line pipe of a kind used for oil or gas pipelines; casing; tubing and drill pipe of a kind used in drilling for oil or gas and tubes; and gas pipes of subheading 7304 39 50),0.057,,1.383,(C),CBAM-BENCHMARKS-2026-02-06,Benchmarks sayfasi,dogrulandi
73043988,Iron & Steel,Tubes; pipes and hollow profiles; seamless; of circular cross-section; of iron or non-alloy steel; of an external diameter of > 406;4 mm (excl. cold-drawn or cold-rolled; of cast iron; line pipe of a kind used for oil or gas pipelines; casing; tubing and drill pipe of a kind used in drilling for oil or gas and tubes; and gas pipes of subheading 7304 39 50),0.057,,1.383,(C),CBAM-BENCHMARKS-2026-02-06,Benchmarks sayfasi,dogrulandi
73044100,Iron & Steel,Tubes; pipes and hollow profiles; seamless; of circular cross-section; of stainless steel; cold-drawn or cold-rolled cold-reduced (excl. line pipe of a kind used for oil or gas pipelines; casing and tubing of a kind used for drilling for oil or gas),0.057,,1.173,(1),CBAM-BENCHMARKS-2026-02-06,Benchmarks sayfasi,dogrulandi
73044983,Iron & Steel,Tubes; pipes and hollow profiles; seamless; of circular cross-section; of stainless steel; of an external diameter of <= 168;3 mm (excl. cold-drawn or cold-rolled; line pipe of a kind used for oil or gas pipelines; and casing and tubing of a kind used for drilling for oil or gas and tubes),0.057,,1.173,(1),CBAM-BENCHMARKS-2026-02-06,Benchmarks sayfasi,dogrulandi
73044985,Iron & Steel,Tubes; pipes and hollow profiles; seamless; of circular cross-section; of stainless steel; of an external diameter of > 168;3 mm but <= 406;4 mm (excl. cold-drawn or cold-rolled; line pipe of a kind used for oil or gas pipelines; and casing and tubing of a kind used for drilling for oil or gas and tubes),0.057,,1.173,(1),CBAM-BENCHMARKS-2026-02-06,Benchmarks sayfasi,dogrulandi
73044989,Iron & Steel,Tubes; pipes and hollow profiles; seamless; of circular cross-section; of stainless steel; of an external diameter of > 406;4 mm (excl. cold-drawn or cold-rolled; line pipe of a kind used for oil or gas pipelines; and casing and tubing of a kind used for drilling for oil or gas and tubes),0.057,,1.173,(1),CBAM-BENCHMARKS-2026-02-06,Benchmarks sayfasi,dogrulandi
73045110,Iron & Steel,Tubes; pipes and hollow profiles; seamless; of circular cross-section; of alloy steel other than stainless; cold-drawn or cold-rolled cold-reduced; straight and of uniform wall-thickness; containing by weight >= 0;9% but <= 1;15% carbon and >= 0;5% but <= 2% chromium; whether or not containing by weight <= 0;5% molybdenum (excl. tubes; pipes and hollow profiles of subheadings 7304 19 to 7304 29),0.057,,1.561,(F)(1),CBAM-BENCHMARKS-2026-02-06,Benchmarks sayfasi,dogrulandi
73045181,Iron & Steel,Precision tubes; seamless; of circular cross-section; of alloy steel other than stainless; cold-drawn or cold-rolled cold-reduced (excl. line pipe of a kind used for oil or gas pipelines; casing and tubing of a kind used for drilling for oil and tubes; and pipes and hollow profiles; straight and of uniform wall-thickness; containing by weight >= 0;9% but <= 1;15% carbon and >= 0;5% but <= 2% chrome; whether or not containing by weight <= 0;5% molybdenum),0.057,,1.561,(F)(1),CBAM-BENCHMARKS-2026-02-06,Benchmarks sayfasi,dogrulandi
73045189,Iron & Steel,Tubes; pipes and hollow profiles; seamless; of circular cross-section; of alloy steel other than stainless; not cold-drawn or cold-rolled cold-reduced (excl. line pipe of a kind used for oil or gas pipelines; casing and tubing of a kind used for drilling for oil; precision tubes; and ; pipes and hollow profiles; straight and of uniform wall-thickness; containing by weight >= 0;9% but <= 1;15% carbon and >= 0;5% but <= 2% chrome; whether or not containing by weight <= 0;5% molybdenum),0.057,,1.561,(F)(1),CBAM-BENCHMARKS-2026-02-06,Benchmarks sayfasi,dogrulandi
73045930,Iron & Steel,Tubes; pipes and hollow profiles of alloy steel (excl. stainless); seamless; of circular cross-section (not cold-drawn or cold-rolled); straight and of uniform wall-thickness; containing by weight >= 0;9% but <= 1;15% carbon and >= 0;5% but <= 2% chromium; whether or not containing by weight <= 0;5% molybdenum (excl. tubes; pipes and hollow profiles of subheadings 7304 19 to 7304 29),0.057,,1.383,(C),CBAM-BENCHMARKS-2026-02-06,Benchmarks sayfasi,dogrulandi
73045982,Iron & Steel,Tubes; pipes and hollow profiles; seamless; of circular cross-section; of alloy steel other than stainless; of an external diameter of <= 168;3 mm (excl. cold-drawn or cold-rolled; line pipe of a kind used for oil or gas pipelines; casing and tubing of a kind used for drilling for oil or gas; and products of subheading 7304 59 30),0.057,,1.561,(F)(1),CBAM-BENCHMARKS-2026-02-06,Benchmarks sayfasi,dogrulandi
73045983,Iron & Steel,Tubes; pipes and hollow profiles; seamless; of circular cross-section; of alloy steel other than stainless; of an external diameter of > 168;3 mm but <= 406;4 mm (excl. cold-drawn or cold-rolled; line pipe of a kind used for oil or gas pipelines; casing and tubing of a kind used for drilling for oil or gas; and products of subheading 7304 59 30),0.057,,1.561,(F)(1),CBAM-BENCHMARKS-2026-02-06,Benchmarks sayfasi,dogrulandi
73045989,Iron & Steel,Tubes; pipes and hollow profiles; seamless; of circular cross-section; of alloy steel other than stainless; of an external diameter of > 406;4 mm (excl. cold-drawn or cold-rolled; line pipe of a kind used for oil or gas pipelines; casing and tubing of a kind used for drilling for oil or gas; and products of subheading 7304 59 30),0.057,,1.561,(F)(1),CBAM-BENCHMARKS-2026-02-06,Benchmarks sayfasi,dogrulandi
73049000,Iron & Steel,Tubes; pipes and hollow profiles; seamless; of non-circular cross-section; of iron or steel (excl. products of cast iron),0.057,,1.383,(C),CBAM-BENCHMARKS-2026-02-06,Benchmarks sayfasi,dogrulandi
73051100,Iron & Steel,Line pipe of a kind used for oil or gas pipelines; having circular cross-sections and an external diameter of > 406;4 mm; of iron or steel; longitudinally submerged arc welded,0.079,,1.458,(C),CBAM-BENCHMARKS-2026-02-06,Benchmarks sayfasi,dogrulandi
73051200,Iron & Steel,Line pipe of a kind used for oil or gas pipelines; having circular cross-sections and an external diameter of > 406;4 mm; of iron or steel; longitudinally arc welded (excl. products longitudinally submerged arc welded),0.079,,1.458,(C),CBAM-BENCHMARKS-2026-02-06,Benchmarks sayfasi,dogrulandi
73051900,Iron & Steel,Line pipe of a kind used for oil or gas pipelines; having circular cross-sections and an external diameter of > 406;4 mm; of flat-rolled products of iron or steel (excl. products longitudinally arc welded),0.079,,1.458,(C),CBAM-BENCHMARKS-2026-02-06,Benchmarks sayfasi,dogrulandi
73052000,Iron & Steel,Casing of a kind used in drilling for oil or gas; having circular cross-sections and an external diameter of > 406;4 mm; of flat-rolled products of iron or steel,0.079,,1.458,(C),CBAM-BENCHMARKS-2026-02-06,Benchmarks sayfasi,dogrulandi
73053100,Iron & Steel,Tubes and pipes having circular cross-sections and an external diameter of > 406;4 mm; of iron or steel; longitudinally welded (excl. products of a kind used for oil or gas pipelines or of a kind used in drilling for oil or gas),0.079,,1.458,(C),CBAM-BENCHMARKS-2026-02-06,Benchmarks sayfasi,dogrulandi
73053900,Iron & Steel,Tubes and pipes having circular cross-sections and an external diameter of > 406;4 mm; of iron or steel; welded (excl. products longitudinally welded or of a kind used for oil or gas pipelines or of a kind used in drilling for oil or gas),0.079,,1.458,(C),CBAM-BENCHMARKS-2026-02-06,Benchmarks sayfasi,dogrulandi
73059000,Iron & Steel,Tubes and pipes having circular cross-sections and an external diameter of > 406;4 mm; of flat-rolled products of iron or steel; welded (excl. welded products or products of a kind used for oil or gas pipelines or of a kind used in drilling for oil or gas),0.079,,1.458,(C),CBAM-BENCHMARKS-2026-02-06,Benchmarks sayfasi,dogrulandi
73061100,Iron & Steel,Line pipe of a kind used for oil or gas pipelines; welded; of flat-rolled products of stainless steel; of an external diameter of <= 406;4 mm,0.109,,1.27,(1),CBAM-BENCHMARKS-2026-02-06,Benchmarks sayfasi,dogrulandi
73061900,Iron & Steel,Line pipe of a kind used for oil or gas pipelines; welded; of flat-rolled products of iron or steel; of an external diameter of <= 406;4 mm (excl. products of stainless steel or of cast iron),0.079,,1.458,(C),CBAM-BENCHMARKS-2026-02-06,Benchmarks sayfasi,dogrulandi
73062100,Iron & Steel,Casing and tubing of a kind used in drilling for oil or gas; welded; of flat-rolled products of stainless steel; of an external diameter of <= 406;4 mm,0.109,,1.27,(1),CBAM-BENCHMARKS-2026-02-06,Benchmarks sayfasi,dogrulandi
73062900,Iron & Steel,Casing and tubing of a kind used in drilling for oil or gas; welded; of flat-rolled products of iron or steel; of an external diameter of <= 406;4 mm (excl. products of stainless steel or of cast iron),0.079,,1.458,(C),CBAM-BENCHMARKS-2026-02-06,Benchmarks sayfasi,dogrulandi
73063012,Iron & Steel,Precision tubes; welded; of circular cross-section; of iron or non-alloy steel; cold-drawn or cold-rolled cold-reduced,0.079,,1.458,(C),CBAM-BENCHMARKS-2026-02-06,Benchmarks sayfasi,dogrulandi
73063018,Iron & Steel,Precision tubes; welded; of circular cross-section; of iron or non-alloy steel (excl. cold-drawn or cold-rolled),0.044,,1.37,(C),CBAM-BENCHMARKS-2026-02-06,Benchmarks sayfasi,dogrulandi
73063041,Iron & Steel,Threaded or threadable tubes gas pipe; welded; of circular cross-section; of iron or non-alloy steel; plated or coated with zinc,0.112,,1.491,(C),CBAM-BENCHMARKS-2026-02-06,Benchmarks sayfasi,dogrulandi
73063049,Iron & Steel,Threaded or threadable tubes gas pipe; welded; of circular cross-section; of iron or non-alloy steel (excl. products plated or coated with zinc),0.112,,1.491,(C),CBAM-BENCHMARKS-2026-02-06,Benchmarks sayfasi,dogrulandi
73063072,Iron & Steel,Other tubes; pipes and hollow profiles; welded; of circular cross-section; of iron or non-alloy steel; of an external diameter of <= 168;3 mm; plated or coated with zinc (excl. line pipe of a kind used for oil or gas pipelines or casing and tubingof a kind used in drilling for oil or gas),0.112,,1.491,(C),CBAM-BENCHMARKS-2026-02-06,Benchmarks sayfasi,dogrulandi
73063077,Iron & Steel,Other tubes; pipes and hollow profiles; welded; of circular cross-section; of iron or non-alloy steel of an external diameter of <= 168;3 mm (excl. plated or coated with zinc and line pipe of a kind used for oil or gas pipelines; casing and tubing of a kind used in drilling for oil or gas; precision tubes and threaded or threadable tubes gas pipe),0.112,,1.491,(C),CBAM-BENCHMARKS-2026-02-06,Benchmarks sayfasi,dogrulandi
73063080,Iron & Steel,Tubes; pipes and hollow profiles; welded; having a circular cross-section; of iron or steel; of an external diameter of > 168;3 mm but <= 406;4 mm (excl. line pipe of a kind used for oil or gas pipelines or casing and tubing of a kind used in drilling for oil or gas; or precision steel tubes; electrical conduit tubes or threaded or threadable tubes gas pipe),0.112,,1.491,(C),CBAM-BENCHMARKS-2026-02-06,Benchmarks sayfasi,dogrulandi
73064020,Iron & Steel,Tubes; pipes and hollow profiles; welded; of circular cross-section; of stainless steel; cold-drawn or cold-rolled cold-reduced (excl. products having internal and external circular cross-sections and an external diameter of > 406;4 mm; and line pipe of a kind used for oil or gas pipelines or casing and tubing of a kind used in drilling for oil or gas),0.109,,1.27,(1),CBAM-BENCHMARKS-2026-02-06,Benchmarks sayfasi,dogrulandi
73064080,Iron & Steel,Tubes; pipes and hollow profiles; welded; of circular cross-section; of stainless steel (excl. products cold-drawn or cold-rolled cold-reduced; tubes and pipes having internal and external circular cross-sections and an external diameter of > 406;4 mm; and line pipe of a kind used for oil or gas pipelines or casing and tubing of a kind used in drilling for oil or gas),0.073,,1.189,(1),CBAM-BENCHMARKS-2026-02-06,Benchmarks sayfasi,dogrulandi
73065021,Iron & Steel,Precision steel tubes; welded; of circular cross-section; of alloy steel other than stainless; cold-drawn or cold-rolled cold-reduced,0.109,,1.673,(F)(1),CBAM-BENCHMARKS-2026-02-06,Benchmarks sayfasi,dogrulandi
73065029,Iron & Steel,Precision steel tubes; welded; of circular cross-section; of alloy steel other than stainless (excl. cold-drawn or cold-rolled),0.073,,1.577,(F)(1),CBAM-BENCHMARKS-2026-02-06,Benchmarks sayfasi,dogrulandi
73065080,Iron & Steel,Tubes; pipes and hollow profiles; welded; of circular cross-section; of alloy steel other than stainless (excl. tubes and pipes having internal and external circular cross-sections and an external diameter of > 406;4 mm; and line pipe of a kind used for oil or gas pipelines or casing and tubing of a kind used in drilling for oil or gas; and precision steel tubes),0.109,,1.673,(F)(1),CBAM-BENCHMARKS-2026-02-06,Benchmarks sayfasi,dogrulandi
73066110,Iron & Steel,Tubes and pipes and hollow profiles; welded; of square or rectangular cross-section; of stainless steel,0.109,,1.27,(1),CBAM-BENCHMARKS-2026-02-06,Benchmarks sayfasi,dogrulandi
73066192,Iron & Steel,Tubes and pipes and hollow profiles; welded; of square or rectangular cross-section; of iron or steel other than stainless steel; with a wall thickness of <= 2 mm,0.112,,1.491,(C),CBAM-BENCHMARKS-2026-02-06,Benchmarks sayfasi,dogrulandi
73066199,Iron & Steel,Tubes and pipes and hollow profiles; welded; of square or rectangular cross-section; of iron or steel other than stainless steel; with a wall thickness of > 2 mm,0.112,,1.491,(C),CBAM-BENCHMARKS-2026-02-06,Benchmarks sayfasi,dogrulandi
73066910,Iron & Steel,Tubes; pipes and hollow profiles; welded; of non-circular cross-section; of stainless steel (excl. tubes and pipes having internal and external circular cross-sections and an external diameter of > 406;4 mm; line pipe of a kind used for oil or gas pipelines or casing and tubing of a kind used in drilling for oil or gas; and tubes and pipes and hollow profiles of square or rectangular cross-section),0.109,,1.27,(1),CBAM-BENCHMARKS-2026-02-06,Benchmarks sayfasi,dogrulandi
73066990,Iron & Steel,Tubes; pipes and hollow profiles; welded; of non-circular cross-section; of iron or steel other than stainless steel (excl. tubes and pipes having internal and external circular cross-sections and an external diameter of > 406;4 mm; line pipe of a kind used for oil or gas pipelines or casing and tubing of a kind used in drilling for oil or gas; and tubes and pipes and hollow profiles of square or rectangular cross-section),0.112,,1.491,(C),CBAM-BENCHMARKS-2026-02-06,Benchmarks sayfasi,dogrulandi
73069000,Iron & Steel,Tubes; pipes and hollow profiles e.g.; open seam; riveted or similarly closed; of iron or steel (excl. of cast iron; seamless or welded tubes and pipes and tubes and pipes having internal and external circular cross-sections and an external diameter of > 406;4 mm),0.112,,1.491,(C),CBAM-BENCHMARKS-2026-02-06,Benchmarks sayfasi,dogrulandi
73071110,Iron & Steel,Tube or pipe fittings of non-malleable cast iron; of a kind used in pressure systems,0.163,,1.409,,CBAM-BENCHMARKS-2026-02-06,Benchmarks sayfasi,dogrulandi
73071190,Iron & Steel,Tube or pipe fittings of non-malleable cast iron (excl. products of a kind used in pressure systems),0.163,,1.409,,CBAM-BENCHMARKS-2026-02-06,Benchmarks sayfasi,dogrulandi
73071910,Iron & Steel,Tube or pipe fittings of cast iron (excl. of non-malleable),0.163,,1.409,,CBAM-BENCHMARKS-2026-02-06,Benchmarks sayfasi,dogrulandi
73071990,Iron & Steel,Cast tube or pipe fittings of steel,0.303,,1.629,(C),CBAM-BENCHMARKS-2026-02-06,Benchmarks sayfasi,dogrulandi
73072100,Iron & Steel,Flanges of stainless steel (excl. cast products),0.057,,1.173,(1),CBAM-BENCHMARKS-2026-02-06,Benchmarks sayfasi,dogrulandi
73072210,Iron & Steel,Sleeves; of stainless steel; threaded (excl. cast products),0.057,,1.173,(1),CBAM-BENCHMARKS-2026-02-06,Benchmarks sayfasi,dogrulandi
73072290,Iron & Steel,Elbows and bends; of stainless steel; threaded (excl. cast products),0.057,,1.173,(1),CBAM-BENCHMARKS-2026-02-06,Benchmarks sayfasi,dogrulandi
73072310,Iron & Steel,Butt welding elbows and bends of stainless steel (excl. cast products),0.057,,1.173,(1),CBAM-BENCHMARKS-2026-02-06,Benchmarks sayfasi,dogrulandi
73072390,Iron & Steel,Butt welding tube or pipe fittings of stainless steel (excl. cast products and elbows and bends),0.057,,1.173,(1),CBAM-BENCHMARKS-2026-02-06,Benchmarks sayfasi,dogrulandi
73072910,Iron & Steel,Threaded tube or pipe fittings of stainless steel (excl. cast products; flanges; elbows; bends and sleeves),0.057,,1.173,(1),CBAM-BENCHMARKS-2026-02-06,Benchmarks sayfasi,dogrulandi
73072980,Iron & Steel,Tube or pipe fittings of stainless steel (excl. cast; threaded; butt welding fittings and flanges),0.057,,1.173,(1),CBAM-BENCHMARKS-2026-02-06,Benchmarks sayfasi,dogrulandi
73079100,Iron & Steel,Flanges of iron or steel (excl. cast or stainless products),0.057,,1.383,(C),CBAM-BENCHMARKS-2026-02-06,Benchmarks sayfasi,dogrulandi
73079210,Iron & Steel,Sleeves of iron or steel; threaded (excl. cast or of stainless steel),0.057,,1.383,(C),CBAM-BENCHMARKS-2026-02-06,Benchmarks sayfasi,dogrulandi
73079290,Iron & Steel,Elbows and bends; of iron or steel; threaded (excl. cast or of stainless steel),0.057,,1.383,(C),CBAM-BENCHMARKS-2026-02-06,Benchmarks sayfasi,dogrulandi
73079311,Iron & Steel,Butt welding elbows and bends; of iron or steel; with greatest external diameter <= 609;6 mm (excl. cast iron or stainless steel products),0.057,,1.383,(C),CBAM-BENCHMARKS-2026-02-06,Benchmarks sayfasi,dogrulandi
73079319,Iron & Steel,Butt welding fittings of iron or steel; with greatest external diameter <= 609;6 mm (excl. cast iron or stainless steel products; elbows; bends and flanges),0.057,,1.383,(C),CBAM-BENCHMARKS-2026-02-06,Benchmarks sayfasi,dogrulandi
73079391,Iron & Steel,Butt welding elbows and bends; of iron or steel; with greatest external diameter > 609;6 mm (excl. cast iron or stainless steel products),0.057,,1.383,(C),CBAM-BENCHMARKS-2026-02-06,Benchmarks sayfasi,dogrulandi
73079399,Iron & Steel,Butt welding fittings of iron or steel; with greatest external diameter > 609;6 mm (excl. cast iron or stainless steel products; elbows; bends and flanges),0.057,,1.383,(C),CBAM-BENCHMARKS-2026-02-06,Benchmarks sayfasi,dogrulandi
73079910,Iron & Steel,Threaded tube or pipe fittings; of iron or steel (excl. cast iron or stainless steel products; flanges; elbows; bends and sleeves),0.057,,1.383,(C),CBAM-BENCHMARKS-2026-02-06,Benchmarks sayfasi,dogrulandi
73079980,Iron & Steel,Tube or pipe fittings; of iron or steel (excl. of cast iron or stainless steel; threaded; butt welding fittings; and flanges),0.057,,1.383,(C),CBAM-BENCHMARKS-2026-02-06,Benchmarks sayfasi,dogrulandi
73081000,Iron & Steel,Bridges and bridge-sections; of iron or steel,0.112,,1.491,(C),CBAM-BENCHMARKS-2026-02-06,Benchmarks sayfasi,dogrulandi
73082000,Iron & Steel,Towers and lattice masts; of iron or steel,0.112,,1.491,(C),CBAM-BENCHMARKS-2026-02-06,Benchmarks sayfasi,dogrulandi
73083000,Iron & Steel,Doors; windows and their frames and thresholds for doors; of iron or steel,0.112,,1.491,(C),CBAM-BENCHMARKS-2026-02-06,Benchmarks sayfasi,dogrulandi
73084000,Iron & Steel,Equipment for scaffolding; shuttering; propping or pit-propping (excl. composite sheetpiling products and formwork panels for poured-in-place concrete; which have the characteristics of moulds),0.112,,1.491,(C),CBAM-BENCHMARKS-2026-02-06,Benchmarks sayfasi,dogrulandi
73089051,Iron & Steel,Panels comprising two walls of profiled ribbed sheet; of iron or steel; with an insulating core,0.112,,1.491,(C),CBAM-BENCHMARKS-2026-02-06,Benchmarks sayfasi,dogrulandi
73089059,Iron & Steel,Structures and parts of structures; of iron or steel; solely or principally of sheet; n.e.s. (excl. doors and windows and their frames; and panels comprising two walls of profiled ribbed sheet; of iron or steel; with an insulating core),0.112,,1.491,(C),CBAM-BENCHMARKS-2026-02-06,Benchmarks sayfasi,dogrulandi
73089098,Iron & Steel,Structures and parts of structures of iron or steel; n.e.s. (excl. bridges and bridge-sections; towers; lattice masts; doors; windows and their frames and thresholds; equipment for scaffolding; shuttering; propping or pit-propping; and products made principally of sheet),0.112,,1.491,(C),CBAM-BENCHMARKS-2026-02-06,Benchmarks sayfasi,dogrulandi
73090010,Iron & Steel,Reservoirs; tanks; vats and similar containers; of iron or steel; for gases other than compressed or liquefied gas; of a capacity of > 300 l (excl. containers fitted with mechanical or thermal equipment and containers specifically constructed or equipped for one or more types of transport),0.112,,1.491,(C),CBAM-BENCHMARKS-2026-02-06,Benchmarks sayfasi,dogrulandi
73090030,Iron & Steel,Reservoirs; tanks; vats and similar containers; of iron or steel; for liquids; lined or heat-insulated and of a capacity of > 300 l (excl. containers fitted with mechanical or thermal equipment and containers specifically constructed or equipped for one or more types of transport),0.112,,1.491,(C),CBAM-BENCHMARKS-2026-02-06,Benchmarks sayfasi,dogrulandi
73090051,Iron & Steel,Reservoirs; tanks; vats and similar containers; of iron or steel; for liquids; of a capacity of > 100.000 l (excl. containers lined or heat-insulated or fitted with mechanical or thermal equipment and containers specifically constructed or equipped for one or more types of transport),0.112,,1.491,(C),CBAM-BENCHMARKS-2026-02-06,Benchmarks sayfasi,dogrulandi
73090059,Iron & Steel,Reservoirs; tanks; vats and similar containers; of iron or steel; for liquids; of a capacity of <= 100.000 l but > 300 l (excl. containers lined or heat-insulated or fitted with mechanical or thermal equipment and containers specifically constructed or equipped for one or more types of transport),0.112,,1.491,(C),CBAM-BENCHMARKS-2026-02-06,Benchmarks sayfasi,dogrulandi
73090090,Iron & Steel,Reservoirs; tanks; vats and similar containers; of iron or steel; for solids; of a capacity of > 300 l (excl. containers lined or heat-insulated or fitted with mechanical or thermal equipment and containers specifically constructed or equipped for one or more types of transport),0.112,,1.491,(C),CBAM-BENCHMARKS-2026-02-06,Benchmarks sayfasi,dogrulandi
73101000,Iron & Steel,Tanks; casks; drums; cans; boxes and similar containers; of iron or steel; for any material; of a capacity of >= 50 l but <= 300 l; n.e.s. (excl. containers for compressed or liquefied gas; or containers fitted with mechanical or thermal equipment),0.112,,1.491,(C),CBAM-BENCHMARKS-2026-02-06,Benchmarks sayfasi,dogrulandi
73102111,Iron & Steel,Cans of iron or steel; of a capacity of < 50 l; which are to be closed by soldering or crimping; of a kind used for preserving food,0.112,,1.491,(C),CBAM-BENCHMARKS-2026-02-06,Benchmarks sayfasi,dogrulandi
73102119,Iron & Steel,Cans of iron or steel; of a capacity of < 50 l; which are to be closed by soldering or crimping; of a kind used for preserving drink,0.112,,1.491,(C),CBAM-BENCHMARKS-2026-02-06,Benchmarks sayfasi,dogrulandi
73102191,Iron & Steel,Cans of iron or steel; of a capacity of < 50 l; which are to be closed by soldering or crimping; of a wall thickness of < 0;5 mm (excl. cans for compressed or liquefied gas; and cans of a kind used for preserving food and drink),0.112,,1.491,(C),CBAM-BENCHMARKS-2026-02-06,Benchmarks sayfasi,dogrulandi
73102199,Iron & Steel,Cans of iron or steel; of a capacity of < 50 l; which are to be closed by soldering or crimping; of a wall thickness of >= 0;5 mm (excl. cans for compressed or liquefied gas; and cans of a kind used for preserving food and drink),0.112,,1.491,(C),CBAM-BENCHMARKS-2026-02-06,Benchmarks sayfasi,dogrulandi
73102910,Iron & Steel,Tanks; casks; drums; cans; boxes and similar containers; of iron or steel; for any material; of a capacity of < 50 l and of a wall thickness of < 0;5 mm; n.e.s. (excl. containers for compressed or liquefied gas; or containers fitted with mechanical or thermal equipment; and cans which are to be closed by soldering or crimping),0.112,,1.491,(C),CBAM-BENCHMARKS-2026-02-06,Benchmarks sayfasi,dogrulandi
73102990,Iron & Steel,Tanks; casks; drums; cans; boxes and similar containers; of iron or steel; for any material; of a capacity of < 50 l and of a wall thickness of >= 0;5 mm; n.e.s. (excl. containers for compressed or liquefied gas; or containers fitted with mechanical or thermal equipment; and cans which are to be closed by soldering or crimping),0.112,,1.491,(C),CBAM-BENCHMARKS-2026-02-06,Benchmarks sayfasi,dogrulandi
73110011,Iron & Steel,Containers of iron or steel; seamless; for compressed or liquefied gas; for a pressure >= 165 bar; of a capacity < 20 l (excl. containers specifically constructed or equipped for one or more types of transport),0.038,,1.364,(C),CBAM-BENCHMARKS-2026-02-06,Benchmarks sayfasi,dogrulandi
73110013,Iron & Steel,Containers of iron or steel; seamless; for compressed or liquefied gas; for a pressure >= 165 bar; of a capacity >= 20 l to <= 50 l (excl. containers specifically constructed or equipped for one or more types of transport),0.038,,1.364,(C),CBAM-BENCHMARKS-2026-02-06,Benchmarks sayfasi,dogrulandi
73110019,Iron & Steel,Containers of iron or steel; seamless; for compressed or liquefied gas; for a pressure >= 165 bar; of a capacity > 50 l (excl. containers specifically constructed or equipped for one or more types of transport),0.038,,1.364,(C),CBAM-BENCHMARKS-2026-02-06,Benchmarks sayfasi,dogrulandi
73110030,Iron & Steel,Containers of iron or steel; seamless; for compressed or liquefied gas; for a pressure < 165 bar (excl. containers specifically constructed or equipped for one or more types of transport),0.038,,1.364,(C),CBAM-BENCHMARKS-2026-02-06,Benchmarks sayfasi,dogrulandi
73110091,Iron & Steel,Containers of iron or steel; seamless; for compressed or liquefied gas; of a capacity of < 1.000 l (excl. seamless containers and containers specifically constructed or equipped for one or more types of transport),0.038,,1.364,(C),CBAM-BENCHMARKS-2026-02-06,Benchmarks sayfasi,dogrulandi
73110099,Iron & Steel,Containers of iron or steel; seamless; for compressed or liquefied gas; of a capacity of >= 1.000 l (excl. seamless containers and containers specifically constructed or equipped for one or more types of transport),0.038,,1.364,(C),CBAM-BENCHMARKS-2026-02-06,Benchmarks sayfasi,dogrulandi
73181100,Iron & Steel,Coach screws of iron or steel,0.038,,1.364,(C),CBAM-BENCHMARKS-2026-02-06,Benchmarks sayfasi,dogrulandi
73181210,Iron & Steel,Wood screws of stainless steel (excl. coach screws),0.038,,1.154,(1),CBAM-BENCHMARKS-2026-02-06,Benchmarks sayfasi,dogrulandi
73181290,Iron & Steel,Wood screws of iron or steel other than stainless (excl. coach screws),0.038,,1.364,(C),CBAM-BENCHMARKS-2026-02-06,Benchmarks sayfasi,dogrulandi
73181300,Iron & Steel,Screw hooks and screw rings; of iron or steel,0.038,,1.364,(C),CBAM-BENCHMARKS-2026-02-06,Benchmarks sayfasi,dogrulandi
73181410,Iron & Steel,Self-tapping screws; of stainless steel (excl. wood screws),0.038,,1.154,(1),CBAM-BENCHMARKS-2026-02-06,Benchmarks sayfasi,dogrulandi
73181491,Iron & Steel,Spaced-thread screws of iron or steel other than stainless,0.038,,1.364,(C),CBAM-BENCHMARKS-2026-02-06,Benchmarks sayfasi,dogrulandi
73181499,Iron & Steel,Self-tapping screws of iron or steel other than stainless (excl. spaced-thread screws and wood screws),0.038,,1.364,(C),CBAM-BENCHMARKS-2026-02-06,Benchmarks sayfasi,dogrulandi
73181520,Iron & Steel,Screws and bolts; of iron or steel whether or not with their nuts and washers; for fixing railway track construction material (excl. coach screws),0.038,,1.364,(C),CBAM-BENCHMARKS-2026-02-06,Benchmarks sayfasi,dogrulandi
73181535,Iron & Steel,Screws and bolts; of stainless steel whether or not with their nuts and washers; without heads (excl. screws and bolts for fixing railway track construction material),0.038,,1.154,(1),CBAM-BENCHMARKS-2026-02-06,Benchmarks sayfasi,dogrulandi
73181542,Iron & Steel,Screws and bolts; of iron or steel other than stainless whether or not with their nuts and washers; without heads; with a tensile strength of < 800 MPa (excl. screws and bolts for fixing railway track construction material),0.038,,1.364,(C),CBAM-BENCHMARKS-2026-02-06,Benchmarks sayfasi,dogrulandi
73181548,Iron & Steel,Screws and bolts; of iron or steel other than stainless whether or not with their nuts and washers; without heads; with a tensile strength of >= 800 MPa (excl. screws and bolts for fixing railway track construction material),0.038,,1.364,(C),CBAM-BENCHMARKS-2026-02-06,Benchmarks sayfasi,dogrulandi
73181552,Iron & Steel,Screws and bolts; of stainless steel whether or not with their nuts and washers; with slotted or cross-recessed heads (excl. wood screws and self-tapping screws),0.038,,1.154,(1),CBAM-BENCHMARKS-2026-02-06,Benchmarks sayfasi,dogrulandi
73181558,Iron & Steel,Screws and bolts; of iron or steel other than stainless whether or not with their nuts and washers; with slotted or cross-recessed heads (excl. wood screws and self-tapping screws),0.038,,1.364,(C),CBAM-BENCHMARKS-2026-02-06,Benchmarks sayfasi,dogrulandi
73181562,Iron & Steel,Hexagonal-socket head screws and bolts; of stainless steel whether or not with their nuts and washers (excl. wood screws; self-tapping screws and screws and bolts for fixing railway track construction material),0.038,,1.154,(1),CBAM-BENCHMARKS-2026-02-06,Benchmarks sayfasi,dogrulandi
73181568,Iron & Steel,Hexagonal-socket head screws and bolts; of iron or steel other than stainless whether or not with their nuts and washers (excl. wood screws; self-tapping screws and screws and bolts for fixing railway track construction material),0.038,,1.364,(C),CBAM-BENCHMARKS-2026-02-06,Benchmarks sayfasi,dogrulandi
73181575,Iron & Steel,Hexagon screws and bolts; of stainless steel whether or not with their nuts and washers (excl. with socket head; wood screws; self-tapping screws and screws and bolts for fixing railway track construction material),0.038,,1.154,(1),CBAM-BENCHMARKS-2026-02-06,Benchmarks sayfasi,dogrulandi
73181582,Iron & Steel,Hexagon screws and bolts; of iron or steel other than stainless whether or not with their nuts and washers; with a tensile strength of < 800 MPa (excl. with socket head; wood screws; self-tapping screws and screws and bolts for fixing railway track construction material),0.038,,1.364,(C),CBAM-BENCHMARKS-2026-02-06,Benchmarks sayfasi,dogrulandi
73181588,Iron & Steel,Hexagon screws and bolts; of iron or steel other than stainless whether or not with their nuts and washers; with a tensile strength of => 800 MPa (excl. with socket head; wood screws; self-tapping screws and screws and bolts for fixing railway track construction material),0.038,,1.364,(C),CBAM-BENCHMARKS-2026-02-06,Benchmarks sayfasi,dogrulandi
73181595,Iron & Steel,Screws and bolts; of iron or steel whether or not with their nuts and washers; with heads (excl. with slotted; cross-recessed or hexagonal head; wood screws; self-tapping screws and screws and bolts for fixing railway track construction material; screw hooks and screw rings),0.038,,1.364,(C),CBAM-BENCHMARKS-2026-02-06,Benchmarks sayfasi,dogrulandi
73181631,Iron & Steel,Blind rivet nuts of stainless steel,0.038,,1.154,(1),CBAM-BENCHMARKS-2026-02-06,Benchmarks sayfasi,dogrulandi
73181639,Iron & Steel,Nuts of stainless steel (excl. blind rivet nuts),0.038,,1.154,(1),CBAM-BENCHMARKS-2026-02-06,Benchmarks sayfasi,dogrulandi
73181640,Iron & Steel,Blind rivet nuts of iron or steel other than stainless,0.038,,1.364,(C),CBAM-BENCHMARKS-2026-02-06,Benchmarks sayfasi,dogrulandi
73181660,Iron & Steel,Self-locking nuts of iron or steel other than stainless,0.038,,1.364,(C),CBAM-BENCHMARKS-2026-02-06,Benchmarks sayfasi,dogrulandi
73181692,Iron & Steel,Nuts of iron or steel other than stainless; with an inside diameter <= 12 mm (excl. blind rivet nuts and self-locking nuts),0.038,,1.364,(C),CBAM-BENCHMARKS-2026-02-06,Benchmarks sayfasi,dogrulandi
73181699,Iron & Steel,Nuts of iron or steel other than stainless; with an inside diameter > 12 mm (excl. blind rivet nuts and self-locking nuts),0.038,,1.364,(C),CBAM-BENCHMARKS-2026-02-06,Benchmarks sayfasi,dogrulandi
73181900,Iron & Steel,Threaded articles; of iron or steel; n.e.s.,0.038,,1.364,(C),CBAM-BENCHMARKS-2026-02-06,Benchmarks sayfasi,dogrulandi
73182100,Iron & Steel,Spring washers and other lock washers; of iron or steel,0.038,,1.364,(C),CBAM-BENCHMARKS-2026-02-06,Benchmarks sayfasi,dogrulandi
73182200,Iron & Steel,Washers of iron or steel (excl. spring washers and other lock washers),0.038,,1.364,(C),CBAM-BENCHMARKS-2026-02-06,Benchmarks sayfasi,dogrulandi
73182300,Iron & Steel,Rivets of iron or steel (excl. tubular and bifurcated rivets for particular uses),0.038,,1.364,(C),CBAM-BENCHMARKS-2026-02-06,Benchmarks sayfasi,dogrulandi
73182400,Iron & Steel,Cotters and cotter pins; of iron or steel,0.038,,1.364,(C),CBAM-BENCHMARKS-2026-02-06,Benchmarks sayfasi,dogrulandi
73182900,Iron & Steel,Non-threaded articles; of iron or steel,0.038,,1.364,(C),CBAM-BENCHMARKS-2026-02-06,Benchmarks sayfasi,dogrulandi
73261100,Iron & Steel,Grinding balls and similar articles for mills; of iron or steel; forged or stamped; but not further worked,0.303,,1.629,(C),CBAM-BENCHMARKS-2026-02-06,Benchmarks sayfasi,dogrulandi
73261910,Iron & Steel,Articles of iron or steel; open-die forged; but not further worked; n.e.s. (excl. grinding balls and similar articles for mills),0.303,,1.629,(C),CBAM-BENCHMARKS-2026-02-06,Benchmarks sayfasi,dogrulandi
73261990,Iron & Steel,Articles of iron or steel; closed-die forged or stamped; but not further worked; n.e.s. (excl. grinding balls and similar articles for mills),0.303,,1.629,(C),CBAM-BENCHMARKS-2026-02-06,Benchmarks sayfasi,dogrulandi
73262000,Iron & Steel,Articles of iron or steel wire; n.e.s.,0.071,,1.397,(C),CBAM-BENCHMARKS-2026-02-06,Benchmarks sayfasi,dogrulandi
73269030,Iron & Steel,Ladders and steps; of iron or steel,0.038,,1.364,(C),CBAM-BENCHMARKS-2026-02-06,Benchmarks sayfasi,dogrulandi
73269040,Iron & Steel,Pallets and similar platforms for handling goods; of iron or steel,0.038,,1.364,(C),CBAM-BENCHMARKS-2026-02-06,Benchmarks sayfasi,dogrulandi
73269050,Iron & Steel,Reels for cables; piping and the like; of iron or steel,0.038,,1.364,(C),CBAM-BENCHMARKS-2026-02-06,Benchmarks sayfasi,dogrulandi
73269060,Iron & Steel,Ventilators; non-mechanical; guttering; hooks and like articles used in the building industry; n.e.s.; of iron or steel,0.038,,1.364,(C),CBAM-BENCHMARKS-2026-02-06,Benchmarks sayfasi,dogrulandi
73269092,Iron & Steel,Articles of iron or steel; open-die forged; n.e.s.,0.303,,1.629,(C),CBAM-BENCHMARKS-2026-02-06,Benchmarks sayfasi,dogrulandi
73269094,Iron & Steel,Articles of iron or steel; closed-die forged; n.e.s.,0.303,,1.629,(C),CBAM-BENCHMARKS-2026-02-06,Benchmarks sayfasi,dogrulandi
73269096,Iron & Steel,Sintered articles of iron or steel; n.e.s.,0.303,,1.629,(C),CBAM-BENCHMARKS-2026-02-06,Benchmarks sayfasi,dogrulandi
73269098,Iron & Steel,Articles of iron or steel; n.e.s.,0.112,,1.491,(C),CBAM-BENCHMARKS-2026-02-06,Benchmarks sayfasi,dogrulandi
76011010,Aluminium,Aluminium slabs; not alloyed; unwrought,1.423,(K),1.423,(K),CBAM-BENCHMARKS-2026-02-06,Benchmarks sayfasi,dogrulandi
76011090,Aluminium,Aluminium; not alloyed; unwrought (excl. slabs),1.423,(K),1.423,(K),CBAM-BENCHMARKS-2026-02-06,Benchmarks sayfasi,dogrulandi
76012030,Aluminium,Unwrought aluminium alloys in the form of slabs,1.423,(K),1.423,(K),CBAM-BENCHMARKS-2026-02-06,Benchmarks sayfasi,dogrulandi
76012040,Aluminium,Unwrought aluminium alloys in the form of billets,1.423,(K),1.423,(K),CBAM-BENCHMARKS-2026-02-06,Benchmarks sayfasi,dogrulandi
76012080,Aluminium,Unwrought aluminium alloys (excl. slabs and billets),1.423,(K),1.423,(K),CBAM-BENCHMARKS-2026-02-06,Benchmarks sayfasi,dogrulandi
76031000,Aluminium,Powders of aluminium; of non-lamellar structure (excl. pellets of aluminium),0.046,,1.506,(K),CBAM-BENCHMARKS-2026-02-06,Benchmarks sayfasi,dogrulandi
76032000,Aluminium,Powders of aluminium; of lamellar structure; and flakes of aluminium (excl. pellets of aluminium; and spangles),0.046,,1.506,(K),CBAM-BENCHMARKS-2026-02-06,Benchmarks sayfasi,dogrulandi
76041010,Aluminium,Bars; rods and profiles; of non-alloy aluminium,0.056,,1.485,(K),CBAM-BENCHMARKS-2026-02-06,Benchmarks sayfasi,dogrulandi
76041090,Aluminium,Profiles of non-alloy aluminium; n.e.s.,0.06,,1.493,(K),CBAM-BENCHMARKS-2026-02-06,Benchmarks sayfasi,dogrulandi
76042100,Aluminium,Hollow profiles of aluminium alloys; n.e.s.,0.06,,1.493,(K),CBAM-BENCHMARKS-2026-02-06,Benchmarks sayfasi,dogrulandi
76042910,Aluminium,Bars and rods of aluminium alloys,0.056,,1.485,(K),CBAM-BENCHMARKS-2026-02-06,Benchmarks sayfasi,dogrulandi
76042990,Aluminium,Solid profiles; of aluminium alloys; n.e.s.,0.06,,1.493,(K),CBAM-BENCHMARKS-2026-02-06,Benchmarks sayfasi,dogrulandi
76051100,Aluminium,Wire of non-alloy aluminium; with a maximum cross-sectional dimension of > 7 mm (excl. stranded wire; cables; plaited bands and the like and other articles of heading 7614; and electrically insulated wires),0.056,,1.485,(K),CBAM-BENCHMARKS-2026-02-06,Benchmarks sayfasi,dogrulandi
76051900,Aluminium,Wire of non-alloy aluminium; with a maximum cross-sectional dimension of <= 7 mm (other than stranded wires; cables; ropes and other articles of heading 7614; electrically insulated wires; strings for musical instruments),0.056,,1.485,(K),CBAM-BENCHMARKS-2026-02-06,Benchmarks sayfasi,dogrulandi
76052100,Aluminium,Wire of aluminium alloys; with a maximum cross-sectional dimension of > 7 mm (excl. stranded wire; cables; plaited bands and the like and other articles of heading 7614; and electrically insulated wires),0.056,,1.485,(K),CBAM-BENCHMARKS-2026-02-06,Benchmarks sayfasi,dogrulandi
76052900,Aluminium,Wire; of aluminium alloys; having a maximum cross-sectional dimension of <= 7 mm (other than stranded wires; cables; ropes and other articles of heading 7614; electrically insulated wires; strings for musical instruments),0.056,,1.485,(K),CBAM-BENCHMARKS-2026-02-06,Benchmarks sayfasi,dogrulandi
76061130,Aluminium,Aluminium Composite Panel; of non-alloy aluminium; of a thickness of > 0;2 mm,0.056,,1.485,(K),CBAM-BENCHMARKS-2026-02-06,Benchmarks sayfasi,dogrulandi
76061150,Aluminium,Plates; sheets and strip; of non-alloy aluminium; of a thickness of > 0;2 mm; square or rectangular; painted; varnished or coated with plastics (excl. Aluminium Composite Panel),0.056,,1.485,(K),CBAM-BENCHMARKS-2026-02-06,Benchmarks sayfasi,dogrulandi
76061191,Aluminium,Plates; sheets and strip; of non-alloy aluminium; of a thickness of > 0;2 mm but < 3 mm; square or rectangular (excl. such products painted; varnished or coated with plastics; and expanded plates; sheets and strip),0.056,,1.485,(K),CBAM-BENCHMARKS-2026-02-06,Benchmarks sayfasi,dogrulandi
76061193,Aluminium,Plates; sheets and strip; of non-alloy aluminium; of a thickness of >= 3 mm but < 6 mm; square or rectangular (excl. such products painted; varnished or coated with plastics),0.056,,1.485,(K),CBAM-BENCHMARKS-2026-02-06,Benchmarks sayfasi,dogrulandi
76061199,Aluminium,Plates; sheets and strip; of non-alloy aluminium; of a thickness of >= 6 mm; square or rectangular (excl. such products painted; varnished or coated with plastics),0.056,,1.485,(K),CBAM-BENCHMARKS-2026-02-06,Benchmarks sayfasi,dogrulandi
76061211,Aluminium,Beverage can body stock; of aluminium alloys; of a thickness of > 0;2 mm,0.056,,1.485,(K),CBAM-BENCHMARKS-2026-02-06,Benchmarks sayfasi,dogrulandi
76061219,Aluminium,Beverage can end stock and tab stock; of aluminium alloys; of a thickness of > 0;2 mm,0.056,,1.485,(K),CBAM-BENCHMARKS-2026-02-06,Benchmarks sayfasi,dogrulandi
76061230,Aluminium,Aluminium Composite Panel; of aluminium alloys; of a thickness of > 0;2 mm,0.056,,1.485,(K),CBAM-BENCHMARKS-2026-02-06,Benchmarks sayfasi,dogrulandi
76061250,Aluminium,Plates; sheets and strip; of aluminium alloys; of a thickness of > 0;2 mm; square or rectangular; painted; varnished or coated with plastics (excl. beverage can body stock; end stock and tab stock; and Aluminium Composite Panel),0.056,,1.485,(K),CBAM-BENCHMARKS-2026-02-06,Benchmarks sayfasi,dogrulandi
76061292,Aluminium,Plates; sheets and strip; of aluminium alloys; of a thickness of > 0;2 mm but < 3 mm; square or rectangular (excl. painted; varnished or coated with plastics; expanded plates; sheets and strip; beverage can body stock; end stock and tab stock),0.056,,1.485,(K),CBAM-BENCHMARKS-2026-02-06,Benchmarks sayfasi,dogrulandi
76061293,Aluminium,Plates; sheets and strip; of aluminium alloys; of a thickness of >= 3 mm but < 6 mm; square or rectangular (excl. such products painted; varnished or coated with plastics),0.056,,1.485,(K),CBAM-BENCHMARKS-2026-02-06,Benchmarks sayfasi,dogrulandi
76061299,Aluminium,Plates; sheets and strip; of aluminium alloys; of a thickness of >= 6 mm; square or rectangular (excl. such products painted; varnished or coated with plastics),0.056,,1.485,(K),CBAM-BENCHMARKS-2026-02-06,Benchmarks sayfasi,dogrulandi
76069100,Aluminium,Plates; sheets and strip; of non-alloy aluminium; of a thickness of > 0;2 mm (other than square or rectangular),0.056,,1.485,(K),CBAM-BENCHMARKS-2026-02-06,Benchmarks sayfasi,dogrulandi
76069200,Aluminium,Plates; sheets and strip; of aluminium alloys; of a thickness of > 0;2 mm (other than square or rectangular),0.056,,1.485,(K),CBAM-BENCHMARKS-2026-02-06,Benchmarks sayfasi,dogrulandi
76071111,Aluminium,Aluminium foil; not backed; rolled but not further worked; of a thickness of < 0;021 mm; in rolls of a weight of <= 10 kg (excl. stamping foils of heading 3212; and foil made up as christmas tree decorating material),0.166,,1.599,(K),CBAM-BENCHMARKS-2026-02-06,Benchmarks sayfasi,dogrulandi
76071119,Aluminium,Aluminium foil; not backed; rolled but not further worked; of a thickness of < 0;021 mm (excl. stamping foils of heading 3212; and foil made up as christmas tree decorating material and in rolls of a weight <= 10 kg),0.166,,1.599,(K),CBAM-BENCHMARKS-2026-02-06,Benchmarks sayfasi,dogrulandi
76071190,Aluminium,Aluminium foil; not backed; rolled but not further worked; of a thickness of >= 0;021 mm but <= 2 mm (excl. stamping foils of heading 3212; and foil made up as christmas tree decorating material),0.166,,1.599,(K),CBAM-BENCHMARKS-2026-02-06,Benchmarks sayfasi,dogrulandi
76071910,Aluminium,Aluminium foil; not backed; rolled and further worked; of a thickness of < 0;021 mm (excl. stamping foils of heading 3212; and foil made up as christmas tree decorating material),0.166,,1.599,(K),CBAM-BENCHMARKS-2026-02-06,Benchmarks sayfasi,dogrulandi
76071990,Aluminium,Aluminium foil; not backed; rolled and further worked; of a thickness (excl. any backing) from 0;021 mm to 0;2 mm (excl. stamping foils of heading 3212; and foil made up as christmas tree decorating material),0.166,,1.599,(K),CBAM-BENCHMARKS-2026-02-06,Benchmarks sayfasi,dogrulandi
76072010,Aluminium,Aluminium foil; backed; of a thickness (excl. any backing) of < 0;021 mm (excl. stamping foils of heading 3212; and foil made up as christmas tree decorating material),0.166,,1.599,(K),CBAM-BENCHMARKS-2026-02-06,Benchmarks sayfasi,dogrulandi
76072091,Aluminium,Aluminium Composite Panel; of a thickness <= 0;2 mm,0.166,,1.599,(K),CBAM-BENCHMARKS-2026-02-06,Benchmarks sayfasi,dogrulandi
76072099,Aluminium,Aluminium foil; backed; of a thickness (excl. any backing) of >= 0;021 mm but <= 0;2 mm (excl. stamping foils of heading 3212; foil made up as christmas tree decorating material; and Aluminium Composite Panel),0.166,,1.599,(K),CBAM-BENCHMARKS-2026-02-06,Benchmarks sayfasi,dogrulandi
76081000,Aluminium,Tubes and pipes of non-alloy aluminium (excl. hollow profiles),0.06,,1.493,(K),CBAM-BENCHMARKS-2026-02-06,Benchmarks sayfasi,dogrulandi
76082020,Aluminium,Tubes and pipes of aluminium alloys; welded (excl. hollow profiles),0.06,,1.493,(K),CBAM-BENCHMARKS-2026-02-06,Benchmarks sayfasi,dogrulandi
76082081,Aluminium,Tubes and pipes of aluminium alloys; not further worked than extruded (excl. hollow profiles),0.06,,1.493,(K),CBAM-BENCHMARKS-2026-02-06,Benchmarks sayfasi,dogrulandi
76082089,Aluminium,Tubes and pipes of aluminium alloys (excl. such products welded or not further worked than extruded; and hollow profiles),0.06,,1.493,(K),CBAM-BENCHMARKS-2026-02-06,Benchmarks sayfasi,dogrulandi
76090000,Aluminium,Aluminium tube or pipe fittings e.g.; couplings; elbows; sleeves,0.06,,1.493,(K),CBAM-BENCHMARKS-2026-02-06,Benchmarks sayfasi,dogrulandi
76101000,Aluminium,Doors; windows and their frames and thresholds for door; of aluminium (excl. door furniture),0.06,,1.493,(K),CBAM-BENCHMARKS-2026-02-06,Benchmarks sayfasi,dogrulandi
76109010,Aluminium,Bridges and bridge-sections; towers and lattice masts; of aluminium,0.06,,1.493,(K),CBAM-BENCHMARKS-2026-02-06,Benchmarks sayfasi,dogrulandi
76109090,Aluminium,Structures and parts of structures; of aluminium; n.e.s.; and plates; rods; profiles; tubes and the like; prepared for use in structures; of aluminium; n.e.s. (excl. prefabricated buildings of heading 9406; doors and windows and their frames and thresholds for doors; bridges and bridge-sections; towers and lattice masts),0.06,,1.493,(K),CBAM-BENCHMARKS-2026-02-06,Benchmarks sayfasi,dogrulandi
76110000,Aluminium,Reservoirs; tanks; vats and similar containers; of aluminium; for any material (other than compressed or liquefied gas); of a capacity of > 300 l; not fitted with mechanical or thermal equipment; whether or not lined or heat-insulated (excl. containers specifically constructed or equipped for one or more types of transport),0.166,,1.594,(K),CBAM-BENCHMARKS-2026-02-06,Benchmarks sayfasi,dogrulandi
76121000,Aluminium,Collapsible tubular containers; of aluminium,0.166,,1.594,(K),CBAM-BENCHMARKS-2026-02-06,Benchmarks sayfasi,dogrulandi
76129020,Aluminium,Containers of a kind used for aerosols; of aluminium,0.166,,1.594,(K),CBAM-BENCHMARKS-2026-02-06,Benchmarks sayfasi,dogrulandi
76129030,Aluminium,Casks; drums; cans; boxes and similar containers; of aluminium; manufactured from foil of a thickness <= 0;2 mm,0.166,,1.594,(K),CBAM-BENCHMARKS-2026-02-06,Benchmarks sayfasi,dogrulandi
76129080,Aluminium,Casks; drums; cans; boxes and similar containers <= 300 l; of aluminium; for any material (other than compressed or liquefied gas); n.e.s. (other than collapsible tubular containers; containers for aerosols and containers manufactured from foil of a thickness <= 0;2 mm,0.166,,1.594,(K),CBAM-BENCHMARKS-2026-02-06,Benchmarks sayfasi,dogrulandi
76130000,Aluminium,Aluminium containers for compressed or liquefied gas,0.166,,1.594,(K),CBAM-BENCHMARKS-2026-02-06,Benchmarks sayfasi,dogrulandi
76141000,Aluminium,Stranded wire; cables; plaited bands and the like; of aluminium; with steel core (excl. such products electrically insulated),0.056,,1.485,(K),CBAM-BENCHMARKS-2026-02-06,Benchmarks sayfasi,dogrulandi
76149000,Aluminium,Stranded wires; cables; ropes and similar articles; of aluminium (other than with steel core and electrically insulated products),0.056,,1.485,(K),CBAM-BENCHMARKS-2026-02-06,Benchmarks sayfasi,dogrulandi
76161000,Aluminium,Nails; tacks; staples; screws; bolts; nuts; screw hooks; rivets; cotters; cotter pins; washers and similar articles; of aluminium (excl. staples in strips; plugs; bungs and the like; threaded),0.056,,1.485,(K),CBAM-BENCHMARKS-2026-02-06,Benchmarks sayfasi,dogrulandi
76169100,Aluminium,Cloth; grill; netting and fencing; of aluminium wire (excl. cloth of metal fibres for clothing; lining and similar uses; and cloth; grill and netting made into hand sieves or machine parts),0.056,,1.485,(K),CBAM-BENCHMARKS-2026-02-06,Benchmarks sayfasi,dogrulandi
76169910,Aluminium,Articles of aluminium; cast; n.e.s.,0.046,,1.506,(K),CBAM-BENCHMARKS-2026-02-06,Benchmarks sayfasi,dogrulandi
76169990,Aluminium,Articles of aluminium; uncast; n.e.s.,0.056,,1.485,(K),CBAM-BENCHMARKS-2026-02-06,Benchmarks sayfasi,dogrulandi
